"_id","uid","date","day","timeTable","total","type","percent","sTime","eTime"
"1","otfKOMf7VUaB5lxUARO0HNusxPB2","2018-12-03","7","mon0","0","Blue","0.0","2018-12-03 09:00:00","2018-12-03 10:15:00"
"2","otfKOMf7VUaB5lxUARO0HNusxPB2","2018-12-03","7","mon5","0","Blue","0.0","2018-12-03 16:30:00","2018-12-03 17:45:00"
"3","otfKOMf7VUaB5lxUARO0HNusxPB2","2018-12-03","7","mon0","0","Blue","0.0","2018-12-03 09:00:00","2018-12-03 10:15:00"
"4","otfKOMf7VUaB5lxUARO0HNusxPB2","2018-12-03","7","mon5","0","Blue","0.0","2018-12-03 16:30:00","2018-12-03 17:45:00"
"5","otfKOMf7VUaB5lxUARO0HNusxPB2","2018-12-03","7","mon0","0","Blue","0.0","2018-12-03 09:00:00","2018-12-03 10:15:00"
"6","otfKOMf7VUaB5lxUARO0HNusxPB2","2018-12-03","7","mon5","0","Blue","0.0","2018-12-03 16:30:00","2018-12-03 17:45:00"
"7","otfKOMf7VUaB5lxUARO0HNusxPB2","2018-12-03","7","mon0","0","Blue","0.0","2018-12-03 09:00:00","2018-12-03 10:15:00"
"8","otfKOMf7VUaB5lxUARO0HNusxPB2","2018-12-03","7","mon5","0","Blue","0.0","2018-12-03 16:30:00","2018-12-03 17:45:00"
"9","otfKOMf7VUaB5lxUARO0HNusxPB2","2018-12-03","7","mon0","32","Yellow","42.66666666666667","2018-12-03 09:00:00","2018-12-03 10:15:00"
"10","otfKOMf7VUaB5lxUARO0HNusxPB2","2018-12-03","7","mon5","0","Blue","0.0","2018-12-03 16:30:00","2018-12-03 17:45:00"
"11","otfKOMf7VUaB5lxUARO0HNusxPB2","2018-12-03","7","mon0","32","Yellow","42.66666666666667","2018-12-03 09:00:00","2018-12-03 10:15:00"
"12","otfKOMf7VUaB5lxUARO0HNusxPB2","2018-12-03","7","mon5","0","Blue","0.0","2018-12-03 16:30:00","2018-12-03 17:45:00"
"13","otfKOMf7VUaB5lxUARO0HNusxPB2","2018-12-03","7","mon0","43","Red","57.333333333333336","2018-12-03 09:00:00","2018-12-03 10:15:00"
"14","otfKOMf7VUaB5lxUARO0HNusxPB2","2018-12-03","7","mon5","0","Blue","0.0","2018-12-03 16:30:00","2018-12-03 17:45:00"
"15","otfKOMf7VUaB5lxUARO0HNusxPB2","2018-12-03","7","mon0","43","Red","57.333333333333336","2018-12-03 09:00:00","2018-12-03 10:15:00"
"16","otfKOMf7VUaB5lxUARO0HNusxPB2","2018-12-03","7","mon5","0","Blue","0.0","2018-12-03 16:30:00","2018-12-03 17:45:00"
"17","otfKOMf7VUaB5lxUARO0HNusxPB2","2018-12-03","7","mon0","43","Red","57.333333333333336","2018-12-03 09:00:00","2018-12-03 10:15:00"
"18","otfKOMf7VUaB5lxUARO0HNusxPB2","2018-12-03","7","mon5","0","Blue","0.0","2018-12-03 16:30:00","2018-12-03 17:45:00"
"19","otfKOMf7VUaB5lxUARO0HNusxPB2","2018-12-03","7","mon0","43","Red","57.333333333333336","2018-12-03 09:00:00","2018-12-03 10:15:00"
"20","otfKOMf7VUaB5lxUARO0HNusxPB2","2018-12-03","7","mon5","13","Yellow","17.333333333333336","2018-12-03 16:30:00","2018-12-03 17:45:00"
"21","otfKOMf7VUaB5lxUARO0HNusxPB2","2018-12-03","7","mon0","43","Red","57.333333333333336","2018-12-03 09:00:00","2018-12-03 10:15:00"
"22","otfKOMf7VUaB5lxUARO0HNusxPB2","2018-12-03","7","mon5","13","Yellow","17.333333333333336","2018-12-03 16:30:00","2018-12-03 17:45:00"
"23","otfKOMf7VUaB5lxUARO0HNusxPB2","2018-12-03","7","mon0","43","Red","57.333333333333336","2018-12-03 09:00:00","2018-12-03 10:15:00"
"24","otfKOMf7VUaB5lxUARO0HNusxPB2","2018-12-03","7","mon5","13","Yellow","17.333333333333336","2018-12-03 16:30:00","2018-12-03 17:45:00"
"25","otfKOMf7VUaB5lxUARO0HNusxPB2","2018-12-03","7","mon0","43","Red","57.333333333333336","2018-12-03 09:00:00","2018-12-03 10:15:00"
"26","otfKOMf7VUaB5lxUARO0HNusxPB2","2018-12-03","7","mon5","13","Yellow","17.333333333333336","2018-12-03 16:30:00","2018-12-03 17:45:00"
"27","otfKOMf7VUaB5lxUARO0HNusxPB2","2018-12-03","7","mon0","43","Red","57.333333333333336","2018-12-03 09:00:00","2018-12-03 10:15:00"
"28","otfKOMf7VUaB5lxUARO0HNusxPB2","2018-12-03","7","mon5","13","Yellow","17.333333333333336","2018-12-03 16:30:00","2018-12-03 17:45:00"
"29","otfKOMf7VUaB5lxUARO0HNusxPB2","2018-12-03","7","mon0","43","Red","57.333333333333336","2018-12-03 09:00:00","2018-12-03 10:15:00"
"30","otfKOMf7VUaB5lxUARO0HNusxPB2","2018-12-03","7","mon5","13","Yellow","17.333333333333336","2018-12-03 16:30:00","2018-12-03 17:45:00"
"31","otfKOMf7VUaB5lxUARO0HNusxPB2","2018-12-03","7","mon0","43","Red","57.333333333333336","2018-12-03 09:00:00","2018-12-03 10:15:00"
"32","otfKOMf7VUaB5lxUARO0HNusxPB2","2018-12-03","7","mon5","13","Yellow","17.333333333333336","2018-12-03 16:30:00","2018-12-03 17:45:00"
"33","otfKOMf7VUaB5lxUARO0HNusxPB2","2018-12-03","7","mon0","43","Red","57.333333333333336","2018-12-03 09:00:00","2018-12-03 10:15:00"
"34","otfKOMf7VUaB5lxUARO0HNusxPB2","2018-12-03","7","mon5","13","Yellow","17.333333333333336","2018-12-03 16:30:00","2018-12-03 17:45:00"
"35","otfKOMf7VUaB5lxUARO0HNusxPB2","2018-12-03","7","mon0","43","Red","57.333333333333336","2018-12-03 09:00:00","2018-12-03 10:15:00"
"36","otfKOMf7VUaB5lxUARO0HNusxPB2","2018-12-03","7","mon5","13","Yellow","17.333333333333336","2018-12-03 16:30:00","2018-12-03 17:45:00"
"37","otfKOMf7VUaB5lxUARO0HNusxPB2","2018-12-03","7","mon0","43","Red","57.333333333333336","2018-12-03 09:00:00","2018-12-03 10:15:00"
"38","otfKOMf7VUaB5lxUARO0HNusxPB2","2018-12-03","7","mon5","13","Yellow","17.333333333333336","2018-12-03 16:30:00","2018-12-03 17:45:00"
"39","otfKOMf7VUaB5lxUARO0HNusxPB2","2018-12-03","7","mon0","43","Red","57.333333333333336","2018-12-03 09:00:00","2018-12-03 10:15:00"
"40","otfKOMf7VUaB5lxUARO0HNusxPB2","2018-12-03","7","mon5","13","Yellow","17.333333333333336","2018-12-03 16:30:00","2018-12-03 17:45:00"
"41","otfKOMf7VUaB5lxUARO0HNusxPB2","2018-12-03","7","mon0","43","Red","57.333333333333336","2018-12-03 09:00:00","2018-12-03 10:15:00"
"42","otfKOMf7VUaB5lxUARO0HNusxPB2","2018-12-03","7","mon5","13","Yellow","17.333333333333336","2018-12-03 16:30:00","2018-12-03 17:45:00"
"43","otfKOMf7VUaB5lxUARO0HNusxPB2","2018-12-03","7","mon0","43","Red","57.333333333333336","2018-12-03 09:00:00","2018-12-03 10:15:00"
"44","otfKOMf7VUaB5lxUARO0HNusxPB2","2018-12-03","7","mon5","13","Yellow","17.333333333333336","2018-12-03 16:30:00","2018-12-03 17:45:00"
"45","otfKOMf7VUaB5lxUARO0HNusxPB2","2018-12-03","7","mon0","43","Red","57.333333333333336","2018-12-03 09:00:00","2018-12-03 10:15:00"
"46","otfKOMf7VUaB5lxUARO0HNusxPB2","2018-12-03","7","mon5","13","Yellow","17.333333333333336","2018-12-03 16:30:00","2018-12-03 17:45:00"
"47","otfKOMf7VUaB5lxUARO0HNusxPB2","2018-12-03","7","mon0","43","Red","57.333333333333336","2018-12-03 09:00:00","2018-12-03 10:15:00"
"48","otfKOMf7VUaB5lxUARO0HNusxPB2","2018-12-03","7","mon5","13","Yellow","17.333333333333336","2018-12-03 16:30:00","2018-12-03 17:45:00"
"49","otfKOMf7VUaB5lxUARO0HNusxPB2","2018-12-04","7","tue4","0","Blue","0.0","2018-12-04 15:30:00","2018-12-04 16:15:00"
"50","otfKOMf7VUaB5lxUARO0HNusxPB2","2018-12-04","7","tue5","0","Blue","0.0","2018-12-04 16:30:00","2018-12-04 17:45:00"
"51","otfKOMf7VUaB5lxUARO0HNusxPB2","2018-12-04","7","tue2","0","Blue","0.0","2018-12-04 12:00:00","2018-12-04 13:15:00"
"52","otfKOMf7VUaB5lxUARO0HNusxPB2","2018-12-04","7","tue4","0","Blue","0.0","2018-12-04 15:30:00","2018-12-04 16:15:00"
"53","otfKOMf7VUaB5lxUARO0HNusxPB2","2018-12-04","7","tue5","0","Blue","0.0","2018-12-04 16:30:00","2018-12-04 17:45:00"
"54","otfKOMf7VUaB5lxUARO0HNusxPB2","2018-12-04","7","tue2","0","Blue","0.0","2018-12-04 12:00:00","2018-12-04 13:15:00"
"55","otfKOMf7VUaB5lxUARO0HNusxPB2","2018-12-04","7","tue4","0","Blue","0.0","2018-12-04 15:30:00","2018-12-04 16:15:00"
"56","otfKOMf7VUaB5lxUARO0HNusxPB2","2018-12-04","7","tue5","0","Blue","0.0","2018-12-04 16:30:00","2018-12-04 17:45:00"
"57","otfKOMf7VUaB5lxUARO0HNusxPB2","2018-12-04","7","tue2","0","Blue","0.0","2018-12-04 12:00:00","2018-12-04 13:15:00"
"58","otfKOMf7VUaB5lxUARO0HNusxPB2","2018-12-04","7","tue4","0","Blue","0.0","2018-12-04 15:30:00","2018-12-04 16:15:00"
"59","otfKOMf7VUaB5lxUARO0HNusxPB2","2018-12-04","7","tue5","0","Blue","0.0","2018-12-04 16:30:00","2018-12-04 17:45:00"
"60","otfKOMf7VUaB5lxUARO0HNusxPB2","2018-12-04","7","tue2","0","Blue","0.0","2018-12-04 12:00:00","2018-12-04 13:15:00"
"61","otfKOMf7VUaB5lxUARO0HNusxPB2","2018-12-04","7","tue4","0","Blue","0.0","2018-12-04 15:30:00","2018-12-04 16:15:00"
"62","otfKOMf7VUaB5lxUARO0HNusxPB2","2018-12-04","7","tue5","0","Blue","0.0","2018-12-04 16:30:00","2018-12-04 17:45:00"
"63","otfKOMf7VUaB5lxUARO0HNusxPB2","2018-12-04","7","tue2","0","Blue","0.0","2018-12-04 12:00:00","2018-12-04 13:15:00"
"64","otfKOMf7VUaB5lxUARO0HNusxPB2","2018-12-04","7","tue4","0","Blue","0.0","2018-12-04 15:30:00","2018-12-04 16:15:00"
"65","otfKOMf7VUaB5lxUARO0HNusxPB2","2018-12-04","7","tue5","0","Blue","0.0","2018-12-04 16:30:00","2018-12-04 17:45:00"
"66","otfKOMf7VUaB5lxUARO0HNusxPB2","2018-12-04","7","tue2","0","Blue","0.0","2018-12-04 12:00:00","2018-12-04 13:15:00"
"67","otfKOMf7VUaB5lxUARO0HNusxPB2","2018-12-04","7","tue4","0","Blue","0.0","2018-12-04 15:30:00","2018-12-04 16:15:00"
"68","otfKOMf7VUaB5lxUARO0HNusxPB2","2018-12-04","7","tue5","0","Blue","0.0","2018-12-04 16:30:00","2018-12-04 17:45:00"
"69","otfKOMf7VUaB5lxUARO0HNusxPB2","2018-12-04","7","tue2","0","Blue","0.0","2018-12-04 12:00:00","2018-12-04 13:15:00"
"70","otfKOMf7VUaB5lxUARO0HNusxPB2","2018-12-04","7","tue4","0","Blue","0.0","2018-12-04 15:30:00","2018-12-04 16:15:00"
"71","otfKOMf7VUaB5lxUARO0HNusxPB2","2018-12-04","7","tue5","0","Blue","0.0","2018-12-04 16:30:00","2018-12-04 17:45:00"
"72","otfKOMf7VUaB5lxUARO0HNusxPB2","2018-12-04","7","tue2","0","Blue","0.0","2018-12-04 12:00:00","2018-12-04 13:15:00"
"73","otfKOMf7VUaB5lxUARO0HNusxPB2","2018-12-04","7","tue4","0","Blue","0.0","2018-12-04 15:30:00","2018-12-04 16:15:00"
"74","otfKOMf7VUaB5lxUARO0HNusxPB2","2018-12-04","7","tue5","0","Blue","0.0","2018-12-04 16:30:00","2018-12-04 17:45:00"
"75","otfKOMf7VUaB5lxUARO0HNusxPB2","2018-12-04","7","tue2","0","Blue","0.0","2018-12-04 12:00:00","2018-12-04 13:15:00"
"76","otfKOMf7VUaB5lxUARO0HNusxPB2","2018-12-04","7","tue4","0","Blue","0.0","2018-12-04 15:30:00","2018-12-04 16:15:00"
"77","otfKOMf7VUaB5lxUARO0HNusxPB2","2018-12-04","7","tue5","0","Blue","0.0","2018-12-04 16:30:00","2018-12-04 17:45:00"
"78","otfKOMf7VUaB5lxUARO0HNusxPB2","2018-12-04","7","tue2","0","Blue","0.0","2018-12-04 12:00:00","2018-12-04 13:15:00"
"79","otfKOMf7VUaB5lxUARO0HNusxPB2","2018-12-04","7","tue4","0","Blue","0.0","2018-12-04 15:30:00","2018-12-04 16:15:00"
"80","otfKOMf7VUaB5lxUARO0HNusxPB2","2018-12-04","7","tue5","0","Blue","0.0","2018-12-04 16:30:00","2018-12-04 17:45:00"
"81","otfKOMf7VUaB5lxUARO0HNusxPB2","2018-12-04","7","tue2","0","Blue","0.0","2018-12-04 12:00:00","2018-12-04 13:15:00"
"82","otfKOMf7VUaB5lxUARO0HNusxPB2","2018-12-04","7","tue4","0","Blue","0.0","2018-12-04 15:30:00","2018-12-04 16:15:00"
"83","otfKOMf7VUaB5lxUARO0HNusxPB2","2018-12-04","7","tue5","0","Blue","0.0","2018-12-04 16:30:00","2018-12-04 17:45:00"
"84","otfKOMf7VUaB5lxUARO0HNusxPB2","2018-12-04","7","tue2","0","Blue","0.0","2018-12-04 12:00:00","2018-12-04 13:15:00"
"85","otfKOMf7VUaB5lxUARO0HNusxPB2","2018-12-04","7","tue4","0","Blue","0.0","2018-12-04 15:30:00","2018-12-04 16:15:00"
"86","otfKOMf7VUaB5lxUARO0HNusxPB2","2018-12-04","7","tue5","0","Blue","0.0","2018-12-04 16:30:00","2018-12-04 17:45:00"
"87","otfKOMf7VUaB5lxUARO0HNusxPB2","2018-12-04","7","tue2","0","Blue","0.0","2018-12-04 12:00:00","2018-12-04 13:15:00"
"88","otfKOMf7VUaB5lxUARO0HNusxPB2","2018-12-04","7","tue4","0","Blue","0.0","2018-12-04 15:30:00","2018-12-04 16:15:00"
"89","otfKOMf7VUaB5lxUARO0HNusxPB2","2018-12-04","7","tue5","0","Blue","0.0","2018-12-04 16:30:00","2018-12-04 17:45:00"
"90","otfKOMf7VUaB5lxUARO0HNusxPB2","2018-12-04","7","tue2","0","Blue","0.0","2018-12-04 12:00:00","2018-12-04 13:15:00"
"91","otfKOMf7VUaB5lxUARO0HNusxPB2","2018-12-04","7","tue4","0","Blue","0.0","2018-12-04 15:30:00","2018-12-04 16:15:00"
"92","otfKOMf7VUaB5lxUARO0HNusxPB2","2018-12-04","7","tue5","0","Blue","0.0","2018-12-04 16:30:00","2018-12-04 17:45:00"
"93","otfKOMf7VUaB5lxUARO0HNusxPB2","2018-12-04","7","tue2","0","Blue","0.0","2018-12-04 12:00:00","2018-12-04 13:15:00"
"94","otfKOMf7VUaB5lxUARO0HNusxPB2","2018-12-04","7","tue4","0","Blue","0.0","2018-12-04 15:30:00","2018-12-04 16:15:00"
"95","otfKOMf7VUaB5lxUARO0HNusxPB2","2018-12-04","7","tue5","0","Blue","0.0","2018-12-04 16:30:00","2018-12-04 17:45:00"
"96","otfKOMf7VUaB5lxUARO0HNusxPB2","2018-12-04","7","tue2","0","Blue","0.0","2018-12-04 12:00:00","2018-12-04 13:15:00"
"97","otfKOMf7VUaB5lxUARO0HNusxPB2","2018-12-04","7","tue4","0","Blue","0.0","2018-12-04 15:30:00","2018-12-04 16:15:00"
"98","otfKOMf7VUaB5lxUARO0HNusxPB2","2018-12-04","7","tue5","0","Blue","0.0","2018-12-04 16:30:00","2018-12-04 17:45:00"
"99","otfKOMf7VUaB5lxUARO0HNusxPB2","2018-12-04","7","tue2","0","Blue","0.0","2018-12-04 12:00:00","2018-12-04 13:15:00"
"100","otfKOMf7VUaB5lxUARO0HNusxPB2","2018-12-04","7","tue4","0","Blue","0.0","2018-12-04 15:30:00","2018-12-04 16:15:00"
"101","otfKOMf7VUaB5lxUARO0HNusxPB2","2018-12-04","7","tue5","0","Blue","0.0","2018-12-04 16:30:00","2018-12-04 17:45:00"
"102","otfKOMf7VUaB5lxUARO0HNusxPB2","2018-12-04","7","tue2","0","Blue","0.0","2018-12-04 12:00:00","2018-12-04 13:15:00"
"103","otfKOMf7VUaB5lxUARO0HNusxPB2","2018-12-04","7","tue4","0","Blue","0.0","2018-12-04 15:30:00","2018-12-04 16:15:00"
"104","otfKOMf7VUaB5lxUARO0HNusxPB2","2018-12-04","7","tue5","0","Blue","0.0","2018-12-04 16:30:00","2018-12-04 17:45:00"
"105","otfKOMf7VUaB5lxUARO0HNusxPB2","2018-12-04","7","tue2","0","Blue","0.0","2018-12-04 12:00:00","2018-12-04 13:15:00"
"106","otfKOMf7VUaB5lxUARO0HNusxPB2","2018-12-04","7","tue4","0","Blue","0.0","2018-12-04 15:30:00","2018-12-04 16:15:00"
"107","otfKOMf7VUaB5lxUARO0HNusxPB2","2018-12-04","7","tue5","0","Blue","0.0","2018-12-04 16:30:00","2018-12-04 17:45:00"
"108","otfKOMf7VUaB5lxUARO0HNusxPB2","2018-12-04","7","tue2","4","Blue","5.333333333333334","2018-12-04 12:00:00","2018-12-04 13:15:00"
"109","otfKOMf7VUaB5lxUARO0HNusxPB2","2018-12-04","7","tue4","0","Blue","0.0","2018-12-04 15:30:00","2018-12-04 16:15:00"
"110","otfKOMf7VUaB5lxUARO0HNusxPB2","2018-12-04","7","tue5","0","Blue","0.0","2018-12-04 16:30:00","2018-12-04 17:45:00"
"111","otfKOMf7VUaB5lxUARO0HNusxPB2","2018-12-04","7","tue2","9","Yellow","12.0","2018-12-04 12:00:00","2018-12-04 13:15:00"
"112","otfKOMf7VUaB5lxUARO0HNusxPB2","2018-12-04","7","tue4","0","Blue","0.0","2018-12-04 15:30:00","2018-12-04 16:15:00"
"113","otfKOMf7VUaB5lxUARO0HNusxPB2","2018-12-04","7","tue5","0","Blue","0.0","2018-12-04 16:30:00","2018-12-04 17:45:00"
"114","otfKOMf7VUaB5lxUARO0HNusxPB2","2018-12-04","7","tue2","9","Yellow","12.0","2018-12-04 12:00:00","2018-12-04 13:15:00"
"115","otfKOMf7VUaB5lxUARO0HNusxPB2","2018-12-04","7","tue4","0","Blue","0.0","2018-12-04 15:30:00","2018-12-04 16:15:00"
"116","otfKOMf7VUaB5lxUARO0HNusxPB2","2018-12-04","7","tue5","0","Blue","0.0","2018-12-04 16:30:00","2018-12-04 17:45:00"
"117","otfKOMf7VUaB5lxUARO0HNusxPB2","2018-12-04","7","tue2","9","Yellow","12.0","2018-12-04 12:00:00","2018-12-04 13:15:00"
"118","otfKOMf7VUaB5lxUARO0HNusxPB2","2018-12-04","7","tue4","0","Blue","0.0","2018-12-04 15:30:00","2018-12-04 16:15:00"
"119","otfKOMf7VUaB5lxUARO0HNusxPB2","2018-12-04","7","tue5","0","Blue","0.0","2018-12-04 16:30:00","2018-12-04 17:45:00"
"120","otfKOMf7VUaB5lxUARO0HNusxPB2","2018-12-04","7","tue2","9","Yellow","12.0","2018-12-04 12:00:00","2018-12-04 13:15:00"
"121","otfKOMf7VUaB5lxUARO0HNusxPB2","2018-12-04","7","tue4","0","Blue","0.0","2018-12-04 15:30:00","2018-12-04 16:15:00"
"122","otfKOMf7VUaB5lxUARO0HNusxPB2","2018-12-04","7","tue5","0","Blue","0.0","2018-12-04 16:30:00","2018-12-04 17:45:00"
"123","otfKOMf7VUaB5lxUARO0HNusxPB2","2018-12-04","7","tue2","9","Yellow","12.0","2018-12-04 12:00:00","2018-12-04 13:15:00"
"124","otfKOMf7VUaB5lxUARO0HNusxPB2","2018-12-04","7","tue4","0","Blue","0.0","2018-12-04 15:30:00","2018-12-04 16:15:00"
"125","otfKOMf7VUaB5lxUARO0HNusxPB2","2018-12-04","7","tue5","0","Blue","0.0","2018-12-04 16:30:00","2018-12-04 17:45:00"
"126","otfKOMf7VUaB5lxUARO0HNusxPB2","2018-12-04","7","tue2","9","Yellow","12.0","2018-12-04 12:00:00","2018-12-04 13:15:00"
"127","otfKOMf7VUaB5lxUARO0HNusxPB2","2018-12-04","7","tue4","0","Blue","0.0","2018-12-04 15:30:00","2018-12-04 16:15:00"
"128","otfKOMf7VUaB5lxUARO0HNusxPB2","2018-12-04","7","tue5","0","Blue","0.0","2018-12-04 16:30:00","2018-12-04 17:45:00"
"129","otfKOMf7VUaB5lxUARO0HNusxPB2","2018-12-04","7","tue2","9","Yellow","12.0","2018-12-04 12:00:00","2018-12-04 13:15:00"
"130","otfKOMf7VUaB5lxUARO0HNusxPB2","2018-12-04","7","tue4","0","Blue","0.0","2018-12-04 15:30:00","2018-12-04 16:15:00"
"131","otfKOMf7VUaB5lxUARO0HNusxPB2","2018-12-04","7","tue5","0","Blue","0.0","2018-12-04 16:30:00","2018-12-04 17:45:00"
"132","otfKOMf7VUaB5lxUARO0HNusxPB2","2018-12-04","7","tue2","9","Yellow","12.0","2018-12-04 12:00:00","2018-12-04 13:15:00"
"133","otfKOMf7VUaB5lxUARO0HNusxPB2","2018-12-04","7","tue4","0","Blue","0.0","2018-12-04 15:30:00","2018-12-04 16:15:00"
"134","otfKOMf7VUaB5lxUARO0HNusxPB2","2018-12-04","7","tue5","0","Blue","0.0","2018-12-04 16:30:00","2018-12-04 17:45:00"
"135","otfKOMf7VUaB5lxUARO0HNusxPB2","2018-12-04","7","tue2","9","Yellow","12.0","2018-12-04 12:00:00","2018-12-04 13:15:00"
"136","otfKOMf7VUaB5lxUARO0HNusxPB2","2018-12-04","7","tue4","0","Blue","0.0","2018-12-04 15:30:00","2018-12-04 16:15:00"
"137","otfKOMf7VUaB5lxUARO0HNusxPB2","2018-12-04","7","tue5","0","Blue","0.0","2018-12-04 16:30:00","2018-12-04 17:45:00"
"138","otfKOMf7VUaB5lxUARO0HNusxPB2","2018-12-04","7","tue2","9","Yellow","12.0","2018-12-04 12:00:00","2018-12-04 13:15:00"
"139","otfKOMf7VUaB5lxUARO0HNusxPB2","2018-12-04","7","tue4","0","Blue","0.0","2018-12-04 15:30:00","2018-12-04 16:15:00"
"140","otfKOMf7VUaB5lxUARO0HNusxPB2","2018-12-04","7","tue5","0","Blue","0.0","2018-12-04 16:30:00","2018-12-04 17:45:00"
"141","otfKOMf7VUaB5lxUARO0HNusxPB2","2018-12-04","7","tue2","9","Yellow","12.0","2018-12-04 12:00:00","2018-12-04 13:15:00"
"142","otfKOMf7VUaB5lxUARO0HNusxPB2","2018-12-04","7","tue4","0","Blue","0.0","2018-12-04 15:30:00","2018-12-04 16:15:00"
"143","otfKOMf7VUaB5lxUARO0HNusxPB2","2018-12-04","7","tue5","0","Blue","0.0","2018-12-04 16:30:00","2018-12-04 17:45:00"
"144","otfKOMf7VUaB5lxUARO0HNusxPB2","2018-12-04","7","tue2","9","Yellow","12.0","2018-12-04 12:00:00","2018-12-04 13:15:00"
"145","otfKOMf7VUaB5lxUARO0HNusxPB2","2018-12-04","7","tue4","4","Blue","5.333333333333334","2018-12-04 15:30:00","2018-12-04 16:15:00"
"146","otfKOMf7VUaB5lxUARO0HNusxPB2","2018-12-04","7","tue5","0","Blue","0.0","2018-12-04 16:30:00","2018-12-04 17:45:00"
"147","otfKOMf7VUaB5lxUARO0HNusxPB2","2018-12-04","7","tue2","9","Yellow","12.0","2018-12-04 12:00:00","2018-12-04 13:15:00"
"148","otfKOMf7VUaB5lxUARO0HNusxPB2","2018-12-04","7","tue4","12","Yellow","16.0","2018-12-04 15:30:00","2018-12-04 16:15:00"
"149","otfKOMf7VUaB5lxUARO0HNusxPB2","2018-12-04","7","tue5","2","Blue","2.666666666666667","2018-12-04 16:30:00","2018-12-04 17:45:00"
"150","otfKOMf7VUaB5lxUARO0HNusxPB2","2018-12-04","7","tue2","9","Yellow","12.0","2018-12-04 12:00:00","2018-12-04 13:15:00"
"151","otfKOMf7VUaB5lxUARO0HNusxPB2","2018-12-04","7","tue4","12","Yellow","16.0","2018-12-04 15:30:00","2018-12-04 16:15:00"
"152","otfKOMf7VUaB5lxUARO0HNusxPB2","2018-12-04","7","tue5","2","Blue","2.666666666666667","2018-12-04 16:30:00","2018-12-04 17:45:00"
"153","otfKOMf7VUaB5lxUARO0HNusxPB2","2018-12-04","7","tue2","9","Yellow","12.0","2018-12-04 12:00:00","2018-12-04 13:15:00"
"154","otfKOMf7VUaB5lxUARO0HNusxPB2","2018-12-04","7","tue4","12","Yellow","16.0","2018-12-04 15:30:00","2018-12-04 16:15:00"
"155","otfKOMf7VUaB5lxUARO0HNusxPB2","2018-12-04","7","tue5","4","Blue","5.333333333333334","2018-12-04 16:30:00","2018-12-04 17:45:00"
"156","otfKOMf7VUaB5lxUARO0HNusxPB2","2018-12-04","7","tue2","9","Yellow","12.0","2018-12-04 12:00:00","2018-12-04 13:15:00"
"157","otfKOMf7VUaB5lxUARO0HNusxPB2","2018-12-04","7","tue4","12","Yellow","16.0","2018-12-04 15:30:00","2018-12-04 16:15:00"
"158","otfKOMf7VUaB5lxUARO0HNusxPB2","2018-12-04","7","tue5","4","Blue","5.333333333333334","2018-12-04 16:30:00","2018-12-04 17:45:00"
"159","otfKOMf7VUaB5lxUARO0HNusxPB2","2018-12-04","7","tue2","9","Yellow","12.0","2018-12-04 12:00:00","2018-12-04 13:15:00"
"160","otfKOMf7VUaB5lxUARO0HNusxPB2","2018-12-04","7","tue4","12","Yellow","16.0","2018-12-04 15:30:00","2018-12-04 16:15:00"
"161","otfKOMf7VUaB5lxUARO0HNusxPB2","2018-12-04","7","tue5","4","Blue","5.333333333333334","2018-12-04 16:30:00","2018-12-04 17:45:00"
"162","otfKOMf7VUaB5lxUARO0HNusxPB2","2018-12-04","7","tue2","9","Yellow","12.0","2018-12-04 12:00:00","2018-12-04 13:15:00"
"163","otfKOMf7VUaB5lxUARO0HNusxPB2","2018-12-04","7","tue4","12","Yellow","16.0","2018-12-04 15:30:00","2018-12-04 16:15:00"
"164","otfKOMf7VUaB5lxUARO0HNusxPB2","2018-12-04","7","tue5","4","Blue","5.333333333333334","2018-12-04 16:30:00","2018-12-04 17:45:00"
"165","otfKOMf7VUaB5lxUARO0HNusxPB2","2018-12-04","7","tue2","9","Yellow","12.0","2018-12-04 12:00:00","2018-12-04 13:15:00"
"166","otfKOMf7VUaB5lxUARO0HNusxPB2","2018-12-04","7","tue4","12","Yellow","16.0","2018-12-04 15:30:00","2018-12-04 16:15:00"
"167","otfKOMf7VUaB5lxUARO0HNusxPB2","2018-12-04","7","tue5","4","Blue","5.333333333333334","2018-12-04 16:30:00","2018-12-04 17:45:00"
"168","otfKOMf7VUaB5lxUARO0HNusxPB2","2018-12-04","7","tue2","9","Yellow","12.0","2018-12-04 12:00:00","2018-12-04 13:15:00"
"169","otfKOMf7VUaB5lxUARO0HNusxPB2","2018-12-04","7","tue4","12","Yellow","16.0","2018-12-04 15:30:00","2018-12-04 16:15:00"
"170","otfKOMf7VUaB5lxUARO0HNusxPB2","2018-12-04","7","tue5","4","Blue","5.333333333333334","2018-12-04 16:30:00","2018-12-04 17:45:00"
"171","otfKOMf7VUaB5lxUARO0HNusxPB2","2018-12-04","7","tue2","9","Yellow","12.0","2018-12-04 12:00:00","2018-12-04 13:15:00"
"172","otfKOMf7VUaB5lxUARO0HNusxPB2","2018-12-04","7","tue4","12","Yellow","16.0","2018-12-04 15:30:00","2018-12-04 16:15:00"
"173","otfKOMf7VUaB5lxUARO0HNusxPB2","2018-12-04","7","tue5","4","Blue","5.333333333333334","2018-12-04 16:30:00","2018-12-04 17:45:00"
"174","otfKOMf7VUaB5lxUARO0HNusxPB2","2018-12-04","7","tue2","9","Yellow","12.0","2018-12-04 12:00:00","2018-12-04 13:15:00"
"175","otfKOMf7VUaB5lxUARO0HNusxPB2","2018-12-04","7","tue4","12","Yellow","16.0","2018-12-04 15:30:00","2018-12-04 16:15:00"
"176","otfKOMf7VUaB5lxUARO0HNusxPB2","2018-12-04","7","tue5","4","Blue","5.333333333333334","2018-12-04 16:30:00","2018-12-04 17:45:00"
"177","otfKOMf7VUaB5lxUARO0HNusxPB2","2018-12-04","7","tue2","9","Yellow","12.0","2018-12-04 12:00:00","2018-12-04 13:15:00"
"178","otfKOMf7VUaB5lxUARO0HNusxPB2","2018-12-04","7","tue4","12","Yellow","16.0","2018-12-04 15:30:00","2018-12-04 16:15:00"
"179","otfKOMf7VUaB5lxUARO0HNusxPB2","2018-12-04","7","tue5","4","Blue","5.333333333333334","2018-12-04 16:30:00","2018-12-04 17:45:00"
"180","otfKOMf7VUaB5lxUARO0HNusxPB2","2018-12-04","7","tue2","9","Yellow","12.0","2018-12-04 12:00:00","2018-12-04 13:15:00"
"181","otfKOMf7VUaB5lxUARO0HNusxPB2","2018-12-04","7","tue4","12","Yellow","16.0","2018-12-04 15:30:00","2018-12-04 16:15:00"
"182","otfKOMf7VUaB5lxUARO0HNusxPB2","2018-12-04","7","tue5","4","Blue","5.333333333333334","2018-12-04 16:30:00","2018-12-04 17:45:00"
"183","otfKOMf7VUaB5lxUARO0HNusxPB2","2018-12-04","7","tue2","9","Yellow","12.0","2018-12-04 12:00:00","2018-12-04 13:15:00"
"184","otfKOMf7VUaB5lxUARO0HNusxPB2","2018-12-04","7","tue4","12","Yellow","16.0","2018-12-04 15:30:00","2018-12-04 16:15:00"
"185","otfKOMf7VUaB5lxUARO0HNusxPB2","2018-12-04","7","tue5","4","Blue","5.333333333333334","2018-12-04 16:30:00","2018-12-04 17:45:00"
"186","otfKOMf7VUaB5lxUARO0HNusxPB2","2018-12-04","7","tue2","9","Yellow","12.0","2018-12-04 12:00:00","2018-12-04 13:15:00"
"187","otfKOMf7VUaB5lxUARO0HNusxPB2","2018-12-04","7","tue4","12","Yellow","16.0","2018-12-04 15:30:00","2018-12-04 16:15:00"
"188","otfKOMf7VUaB5lxUARO0HNusxPB2","2018-12-04","7","tue5","4","Blue","5.333333333333334","2018-12-04 16:30:00","2018-12-04 17:45:00"
"189","otfKOMf7VUaB5lxUARO0HNusxPB2","2018-12-04","7","tue2","9","Yellow","12.0","2018-12-04 12:00:00","2018-12-04 13:15:00"
"190","otfKOMf7VUaB5lxUARO0HNusxPB2","2018-12-04","7","tue4","12","Yellow","16.0","2018-12-04 15:30:00","2018-12-04 16:15:00"
"191","otfKOMf7VUaB5lxUARO0HNusxPB2","2018-12-04","7","tue5","4","Blue","5.333333333333334","2018-12-04 16:30:00","2018-12-04 17:45:00"
"192","otfKOMf7VUaB5lxUARO0HNusxPB2","2018-12-04","7","tue2","9","Yellow","12.0","2018-12-04 12:00:00","2018-12-04 13:15:00"
"193","otfKOMf7VUaB5lxUARO0HNusxPB2","2018-12-04","7","tue4","12","Yellow","16.0","2018-12-04 15:30:00","2018-12-04 16:15:00"
"194","otfKOMf7VUaB5lxUARO0HNusxPB2","2018-12-04","7","tue5","4","Blue","5.333333333333334","2018-12-04 16:30:00","2018-12-04 17:45:00"
"195","otfKOMf7VUaB5lxUARO0HNusxPB2","2018-12-04","7","tue2","9","Yellow","12.0","2018-12-04 12:00:00","2018-12-04 13:15:00"
"196","otfKOMf7VUaB5lxUARO0HNusxPB2","2018-12-04","7","tue4","12","Yellow","16.0","2018-12-04 15:30:00","2018-12-04 16:15:00"
"197","otfKOMf7VUaB5lxUARO0HNusxPB2","2018-12-04","7","tue5","4","Blue","5.333333333333334","2018-12-04 16:30:00","2018-12-04 17:45:00"
"198","otfKOMf7VUaB5lxUARO0HNusxPB2","2018-12-04","7","tue2","9","Yellow","12.0","2018-12-04 12:00:00","2018-12-04 13:15:00"
"199","otfKOMf7VUaB5lxUARO0HNusxPB2","2018-12-04","7","tue4","12","Yellow","16.0","2018-12-04 15:30:00","2018-12-04 16:15:00"
"200","otfKOMf7VUaB5lxUARO0HNusxPB2","2018-12-04","7","tue5","4","Blue","5.333333333333334","2018-12-04 16:30:00","2018-12-04 17:45:00"
"201","otfKOMf7VUaB5lxUARO0HNusxPB2","2018-12-04","7","tue2","9","Yellow","12.0","2018-12-04 12:00:00","2018-12-04 13:15:00"
"202","otfKOMf7VUaB5lxUARO0HNusxPB2","2018-12-04","7","tue4","12","Yellow","16.0","2018-12-04 15:30:00","2018-12-04 16:15:00"
"203","otfKOMf7VUaB5lxUARO0HNusxPB2","2018-12-04","7","tue5","4","Blue","5.333333333333334","2018-12-04 16:30:00","2018-12-04 17:45:00"
"204","otfKOMf7VUaB5lxUARO0HNusxPB2","2018-12-04","7","tue2","9","Yellow","12.0","2018-12-04 12:00:00","2018-12-04 13:15:00"
"205","otfKOMf7VUaB5lxUARO0HNusxPB2","2018-12-04","7","tue4","12","Yellow","16.0","2018-12-04 15:30:00","2018-12-04 16:15:00"
"206","otfKOMf7VUaB5lxUARO0HNusxPB2","2018-12-04","7","tue5","4","Blue","5.333333333333334","2018-12-04 16:30:00","2018-12-04 17:45:00"
"207","otfKOMf7VUaB5lxUARO0HNusxPB2","2018-12-04","7","tue2","9","Yellow","12.0","2018-12-04 12:00:00","2018-12-04 13:15:00"
"208","otfKOMf7VUaB5lxUARO0HNusxPB2","2018-12-04","7","tue4","12","Yellow","16.0","2018-12-04 15:30:00","2018-12-04 16:15:00"
"209","otfKOMf7VUaB5lxUARO0HNusxPB2","2018-12-04","7","tue5","4","Blue","5.333333333333334","2018-12-04 16:30:00","2018-12-04 17:45:00"
"210","otfKOMf7VUaB5lxUARO0HNusxPB2","2018-12-04","7","tue2","9","Yellow","12.0","2018-12-04 12:00:00","2018-12-04 13:15:00"
"211","otfKOMf7VUaB5lxUARO0HNusxPB2","2018-12-04","7","tue4","12","Yellow","16.0","2018-12-04 15:30:00","2018-12-04 16:15:00"
"212","otfKOMf7VUaB5lxUARO0HNusxPB2","2018-12-04","7","tue5","4","Blue","5.333333333333334","2018-12-04 16:30:00","2018-12-04 17:45:00"
"213","otfKOMf7VUaB5lxUARO0HNusxPB2","2018-12-04","7","tue2","9","Yellow","12.0","2018-12-04 12:00:00","2018-12-04 13:15:00"
"214","otfKOMf7VUaB5lxUARO0HNusxPB2","2018-12-04","7","tue4","12","Yellow","16.0","2018-12-04 15:30:00","2018-12-04 16:15:00"
"215","otfKOMf7VUaB5lxUARO0HNusxPB2","2018-12-04","7","tue5","4","Blue","5.333333333333334","2018-12-04 16:30:00","2018-12-04 17:45:00"
"216","otfKOMf7VUaB5lxUARO0HNusxPB2","2018-12-04","7","tue2","9","Yellow","12.0","2018-12-04 12:00:00","2018-12-04 13:15:00"
"217","otfKOMf7VUaB5lxUARO0HNusxPB2","2018-12-04","7","tue4","12","Yellow","16.0","2018-12-04 15:30:00","2018-12-04 16:15:00"
"218","otfKOMf7VUaB5lxUARO0HNusxPB2","2018-12-04","7","tue5","4","Blue","5.333333333333334","2018-12-04 16:30:00","2018-12-04 17:45:00"
"219","otfKOMf7VUaB5lxUARO0HNusxPB2","2018-12-04","7","tue2","9","Yellow","12.0","2018-12-04 12:00:00","2018-12-04 13:15:00"
"220","otfKOMf7VUaB5lxUARO0HNusxPB2","2018-12-04","7","tue4","12","Yellow","16.0","2018-12-04 15:30:00","2018-12-04 16:15:00"
"221","otfKOMf7VUaB5lxUARO0HNusxPB2","2018-12-04","7","tue5","4","Blue","5.333333333333334","2018-12-04 16:30:00","2018-12-04 17:45:00"
"222","otfKOMf7VUaB5lxUARO0HNusxPB2","2018-12-04","7","tue2","9","Yellow","12.0","2018-12-04 12:00:00","2018-12-04 13:15:00"
"223","otfKOMf7VUaB5lxUARO0HNusxPB2","2018-12-04","7","tue4","12","Yellow","16.0","2018-12-04 15:30:00","2018-12-04 16:15:00"
"224","otfKOMf7VUaB5lxUARO0HNusxPB2","2018-12-04","7","tue5","4","Blue","5.333333333333334","2018-12-04 16:30:00","2018-12-04 17:45:00"
"225","otfKOMf7VUaB5lxUARO0HNusxPB2","2018-12-04","7","tue2","9","Yellow","12.0","2018-12-04 12:00:00","2018-12-04 13:15:00"
"226","otfKOMf7VUaB5lxUARO0HNusxPB2","2018-12-04","7","tue4","12","Yellow","16.0","2018-12-04 15:30:00","2018-12-04 16:15:00"
"227","otfKOMf7VUaB5lxUARO0HNusxPB2","2018-12-04","7","tue5","4","Blue","5.333333333333334","2018-12-04 16:30:00","2018-12-04 17:45:00"
"228","otfKOMf7VUaB5lxUARO0HNusxPB2","2018-12-04","7","tue2","9","Yellow","12.0","2018-12-04 12:00:00","2018-12-04 13:15:00"
"229","otfKOMf7VUaB5lxUARO0HNusxPB2","2018-12-04","7","tue4","12","Yellow","16.0","2018-12-04 15:30:00","2018-12-04 16:15:00"
"230","otfKOMf7VUaB5lxUARO0HNusxPB2","2018-12-04","7","tue5","4","Blue","5.333333333333334","2018-12-04 16:30:00","2018-12-04 17:45:00"
"231","otfKOMf7VUaB5lxUARO0HNusxPB2","2018-12-04","7","tue2","9","Yellow","12.0","2018-12-04 12:00:00","2018-12-04 13:15:00"
"232","otfKOMf7VUaB5lxUARO0HNusxPB2","2018-12-04","7","tue4","12","Yellow","16.0","2018-12-04 15:30:00","2018-12-04 16:15:00"
"233","otfKOMf7VUaB5lxUARO0HNusxPB2","2018-12-04","7","tue5","4","Blue","5.333333333333334","2018-12-04 16:30:00","2018-12-04 17:45:00"
"234","otfKOMf7VUaB5lxUARO0HNusxPB2","2018-12-04","7","tue2","9","Yellow","12.0","2018-12-04 12:00:00","2018-12-04 13:15:00"
"235","otfKOMf7VUaB5lxUARO0HNusxPB2","2018-12-04","7","tue4","12","Yellow","16.0","2018-12-04 15:30:00","2018-12-04 16:15:00"
"236","otfKOMf7VUaB5lxUARO0HNusxPB2","2018-12-04","7","tue5","4","Blue","5.333333333333334","2018-12-04 16:30:00","2018-12-04 17:45:00"
"237","otfKOMf7VUaB5lxUARO0HNusxPB2","2018-12-04","7","tue2","9","Yellow","12.0","2018-12-04 12:00:00","2018-12-04 13:15:00"
"238","otfKOMf7VUaB5lxUARO0HNusxPB2","2018-12-04","7","tue4","12","Yellow","16.0","2018-12-04 15:30:00","2018-12-04 16:15:00"
"239","otfKOMf7VUaB5lxUARO0HNusxPB2","2018-12-04","7","tue5","4","Blue","5.333333333333334","2018-12-04 16:30:00","2018-12-04 17:45:00"
"240","otfKOMf7VUaB5lxUARO0HNusxPB2","2018-12-04","7","tue2","9","Yellow","12.0","2018-12-04 12:00:00","2018-12-04 13:15:00"
"241","otfKOMf7VUaB5lxUARO0HNusxPB2","2018-12-04","7","tue4","12","Yellow","16.0","2018-12-04 15:30:00","2018-12-04 16:15:00"
"242","otfKOMf7VUaB5lxUARO0HNusxPB2","2018-12-04","7","tue5","4","Blue","5.333333333333334","2018-12-04 16:30:00","2018-12-04 17:45:00"
"243","otfKOMf7VUaB5lxUARO0HNusxPB2","2018-12-04","7","tue2","9","Yellow","12.0","2018-12-04 12:00:00","2018-12-04 13:15:00"
"244","otfKOMf7VUaB5lxUARO0HNusxPB2","2018-12-04","7","tue4","12","Yellow","16.0","2018-12-04 15:30:00","2018-12-04 16:15:00"
"245","otfKOMf7VUaB5lxUARO0HNusxPB2","2018-12-04","7","tue5","4","Blue","5.333333333333334","2018-12-04 16:30:00","2018-12-04 17:45:00"
"246","otfKOMf7VUaB5lxUARO0HNusxPB2","2018-12-04","7","tue2","9","Yellow","12.0","2018-12-04 12:00:00","2018-12-04 13:15:00"
"247","otfKOMf7VUaB5lxUARO0HNusxPB2","2018-12-05","7","wed2","0","Blue","0.0","2018-12-05 12:00:00","2018-12-05 13:15:00"
"248","otfKOMf7VUaB5lxUARO0HNusxPB2","2018-12-05","7","wed1","0","Blue","0.0","2018-12-05 10:30:00","2018-12-05 11:45:00"
"249","otfKOMf7VUaB5lxUARO0HNusxPB2","2018-12-05","7","wed0","0","Blue","0.0","2018-12-05 09:00:00","2018-12-05 10:15:00"
"250","otfKOMf7VUaB5lxUARO0HNusxPB2","2018-12-05","7","wed2","0","Blue","0.0","2018-12-05 12:00:00","2018-12-05 13:15:00"
"251","otfKOMf7VUaB5lxUARO0HNusxPB2","2018-12-05","7","wed1","0","Blue","0.0","2018-12-05 10:30:00","2018-12-05 11:45:00"
"252","otfKOMf7VUaB5lxUARO0HNusxPB2","2018-12-05","7","wed0","0","Blue","0.0","2018-12-05 09:00:00","2018-12-05 10:15:00"
"253","otfKOMf7VUaB5lxUARO0HNusxPB2","2018-12-05","7","wed2","0","Blue","0.0","2018-12-05 12:00:00","2018-12-05 13:15:00"
"254","otfKOMf7VUaB5lxUARO0HNusxPB2","2018-12-05","7","wed1","0","Blue","0.0","2018-12-05 10:30:00","2018-12-05 11:45:00"
"255","otfKOMf7VUaB5lxUARO0HNusxPB2","2018-12-05","7","wed0","0","Blue","0.0","2018-12-05 09:00:00","2018-12-05 10:15:00"
"256","otfKOMf7VUaB5lxUARO0HNusxPB2","2018-12-05","7","wed2","0","Blue","0.0","2018-12-05 12:00:00","2018-12-05 13:15:00"
"257","otfKOMf7VUaB5lxUARO0HNusxPB2","2018-12-05","7","wed1","0","Blue","0.0","2018-12-05 10:30:00","2018-12-05 11:45:00"
"258","otfKOMf7VUaB5lxUARO0HNusxPB2","2018-12-05","7","wed0","0","Blue","0.0","2018-12-05 09:00:00","2018-12-05 10:15:00"
"259","otfKOMf7VUaB5lxUARO0HNusxPB2","2018-12-05","7","wed2","0","Blue","0.0","2018-12-05 12:00:00","2018-12-05 13:15:00"
"260","otfKOMf7VUaB5lxUARO0HNusxPB2","2018-12-05","7","wed1","0","Blue","0.0","2018-12-05 10:30:00","2018-12-05 11:45:00"
"261","otfKOMf7VUaB5lxUARO0HNusxPB2","2018-12-05","7","wed0","0","Blue","0.0","2018-12-05 09:00:00","2018-12-05 10:15:00"
"262","otfKOMf7VUaB5lxUARO0HNusxPB2","2018-12-05","7","wed2","0","Blue","0.0","2018-12-05 12:00:00","2018-12-05 13:15:00"
"263","otfKOMf7VUaB5lxUARO0HNusxPB2","2018-12-05","7","wed1","0","Blue","0.0","2018-12-05 10:30:00","2018-12-05 11:45:00"
"264","otfKOMf7VUaB5lxUARO0HNusxPB2","2018-12-05","7","wed0","0","Blue","0.0","2018-12-05 09:00:00","2018-12-05 10:15:00"
"265","otfKOMf7VUaB5lxUARO0HNusxPB2","2018-12-05","7","wed2","0","Blue","0.0","2018-12-05 12:00:00","2018-12-05 13:15:00"
"266","otfKOMf7VUaB5lxUARO0HNusxPB2","2018-12-05","7","wed1","0","Blue","0.0","2018-12-05 10:30:00","2018-12-05 11:45:00"
"267","otfKOMf7VUaB5lxUARO0HNusxPB2","2018-12-05","7","wed0","0","Blue","0.0","2018-12-05 09:00:00","2018-12-05 10:15:00"
"268","otfKOMf7VUaB5lxUARO0HNusxPB2","2018-12-05","7","wed2","0","Blue","0.0","2018-12-05 12:00:00","2018-12-05 13:15:00"
"269","otfKOMf7VUaB5lxUARO0HNusxPB2","2018-12-05","7","wed1","0","Blue","0.0","2018-12-05 10:30:00","2018-12-05 11:45:00"
"270","otfKOMf7VUaB5lxUARO0HNusxPB2","2018-12-05","7","wed0","0","Blue","0.0","2018-12-05 09:00:00","2018-12-05 10:15:00"
"271","otfKOMf7VUaB5lxUARO0HNusxPB2","2018-12-05","7","wed2","0","Blue","0.0","2018-12-05 12:00:00","2018-12-05 13:15:00"
"272","otfKOMf7VUaB5lxUARO0HNusxPB2","2018-12-05","7","wed1","0","Blue","0.0","2018-12-05 10:30:00","2018-12-05 11:45:00"
"273","otfKOMf7VUaB5lxUARO0HNusxPB2","2018-12-05","7","wed0","0","Blue","0.0","2018-12-05 09:00:00","2018-12-05 10:15:00"
"274","otfKOMf7VUaB5lxUARO0HNusxPB2","2018-12-05","7","wed2","0","Blue","0.0","2018-12-05 12:00:00","2018-12-05 13:15:00"
"275","otfKOMf7VUaB5lxUARO0HNusxPB2","2018-12-05","7","wed1","0","Blue","0.0","2018-12-05 10:30:00","2018-12-05 11:45:00"
"276","otfKOMf7VUaB5lxUARO0HNusxPB2","2018-12-05","7","wed0","0","Blue","0.0","2018-12-05 09:00:00","2018-12-05 10:15:00"
"277","otfKOMf7VUaB5lxUARO0HNusxPB2","2018-12-05","7","wed2","0","Blue","0.0","2018-12-05 12:00:00","2018-12-05 13:15:00"
"278","otfKOMf7VUaB5lxUARO0HNusxPB2","2018-12-05","7","wed1","0","Blue","0.0","2018-12-05 10:30:00","2018-12-05 11:45:00"
"279","otfKOMf7VUaB5lxUARO0HNusxPB2","2018-12-05","7","wed0","0","Blue","0.0","2018-12-05 09:00:00","2018-12-05 10:15:00"
"280","otfKOMf7VUaB5lxUARO0HNusxPB2","2018-12-05","7","wed2","0","Blue","0.0","2018-12-05 12:00:00","2018-12-05 13:15:00"
"281","otfKOMf7VUaB5lxUARO0HNusxPB2","2018-12-05","7","wed1","0","Blue","0.0","2018-12-05 10:30:00","2018-12-05 11:45:00"
"282","otfKOMf7VUaB5lxUARO0HNusxPB2","2018-12-05","7","wed0","0","Blue","0.0","2018-12-05 09:00:00","2018-12-05 10:15:00"
"283","otfKOMf7VUaB5lxUARO0HNusxPB2","2018-12-05","7","wed2","0","Blue","0.0","2018-12-05 12:00:00","2018-12-05 13:15:00"
"284","otfKOMf7VUaB5lxUARO0HNusxPB2","2018-12-05","7","wed1","0","Blue","0.0","2018-12-05 10:30:00","2018-12-05 11:45:00"
"285","otfKOMf7VUaB5lxUARO0HNusxPB2","2018-12-05","7","wed0","0","Blue","0.0","2018-12-05 09:00:00","2018-12-05 10:15:00"
"286","otfKOMf7VUaB5lxUARO0HNusxPB2","2018-12-05","7","wed2","0","Blue","0.0","2018-12-05 12:00:00","2018-12-05 13:15:00"
"287","otfKOMf7VUaB5lxUARO0HNusxPB2","2018-12-05","7","wed1","0","Blue","0.0","2018-12-05 10:30:00","2018-12-05 11:45:00"
"288","otfKOMf7VUaB5lxUARO0HNusxPB2","2018-12-05","7","wed0","0","Blue","0.0","2018-12-05 09:00:00","2018-12-05 10:15:00"
"289","otfKOMf7VUaB5lxUARO0HNusxPB2","2018-12-05","7","wed2","0","Blue","0.0","2018-12-05 12:00:00","2018-12-05 13:15:00"
"290","otfKOMf7VUaB5lxUARO0HNusxPB2","2018-12-05","7","wed1","0","Blue","0.0","2018-12-05 10:30:00","2018-12-05 11:45:00"
"291","otfKOMf7VUaB5lxUARO0HNusxPB2","2018-12-05","7","wed0","0","Blue","0.0","2018-12-05 09:00:00","2018-12-05 10:15:00"
"292","otfKOMf7VUaB5lxUARO0HNusxPB2","2018-12-05","7","wed2","0","Blue","0.0","2018-12-05 12:00:00","2018-12-05 13:15:00"
"293","otfKOMf7VUaB5lxUARO0HNusxPB2","2018-12-05","7","wed1","0","Blue","0.0","2018-12-05 10:30:00","2018-12-05 11:45:00"
"294","otfKOMf7VUaB5lxUARO0HNusxPB2","2018-12-05","7","wed0","0","Blue","0.0","2018-12-05 09:00:00","2018-12-05 10:15:00"
"295","otfKOMf7VUaB5lxUARO0HNusxPB2","2018-12-05","7","wed2","0","Blue","0.0","2018-12-05 12:00:00","2018-12-05 13:15:00"
"296","otfKOMf7VUaB5lxUARO0HNusxPB2","2018-12-05","7","wed1","0","Blue","0.0","2018-12-05 10:30:00","2018-12-05 11:45:00"
"297","otfKOMf7VUaB5lxUARO0HNusxPB2","2018-12-05","7","wed0","0","Blue","0.0","2018-12-05 09:00:00","2018-12-05 10:15:00"
"298","otfKOMf7VUaB5lxUARO0HNusxPB2","2018-12-05","7","wed2","0","Blue","0.0","2018-12-05 12:00:00","2018-12-05 13:15:00"
"299","otfKOMf7VUaB5lxUARO0HNusxPB2","2018-12-05","7","wed1","0","Blue","0.0","2018-12-05 10:30:00","2018-12-05 11:45:00"
"300","otfKOMf7VUaB5lxUARO0HNusxPB2","2018-12-05","7","wed0","0","Blue","0.0","2018-12-05 09:00:00","2018-12-05 10:15:00"
"301","otfKOMf7VUaB5lxUARO0HNusxPB2","2018-12-05","7","wed2","0","Blue","0.0","2018-12-05 12:00:00","2018-12-05 13:15:00"
"302","otfKOMf7VUaB5lxUARO0HNusxPB2","2018-12-05","7","wed1","0","Blue","0.0","2018-12-05 10:30:00","2018-12-05 11:45:00"
"303","otfKOMf7VUaB5lxUARO0HNusxPB2","2018-12-05","7","wed0","0","Blue","0.0","2018-12-05 09:00:00","2018-12-05 10:15:00"
"304","otfKOMf7VUaB5lxUARO0HNusxPB2","2018-12-05","7","wed2","0","Blue","0.0","2018-12-05 12:00:00","2018-12-05 13:15:00"
"305","otfKOMf7VUaB5lxUARO0HNusxPB2","2018-12-05","7","wed1","0","Blue","0.0","2018-12-05 10:30:00","2018-12-05 11:45:00"
"306","otfKOMf7VUaB5lxUARO0HNusxPB2","2018-12-05","7","wed0","6","Blue","8.0","2018-12-05 09:00:00","2018-12-05 10:15:00"
"307","otfKOMf7VUaB5lxUARO0HNusxPB2","2018-12-05","7","wed2","0","Blue","0.0","2018-12-05 12:00:00","2018-12-05 13:15:00"
"308","otfKOMf7VUaB5lxUARO0HNusxPB2","2018-12-05","7","wed1","0","Blue","0.0","2018-12-05 10:30:00","2018-12-05 11:45:00"
"309","otfKOMf7VUaB5lxUARO0HNusxPB2","2018-12-05","7","wed0","11","Yellow","14.666666666666666","2018-12-05 09:00:00","2018-12-05 10:15:00"
"310","otfKOMf7VUaB5lxUARO0HNusxPB2","2018-12-05","7","wed2","0","Blue","0.0","2018-12-05 12:00:00","2018-12-05 13:15:00"
"311","otfKOMf7VUaB5lxUARO0HNusxPB2","2018-12-05","7","wed1","0","Blue","0.0","2018-12-05 10:30:00","2018-12-05 11:45:00"
"312","otfKOMf7VUaB5lxUARO0HNusxPB2","2018-12-05","7","wed0","16","Yellow","21.333333333333336","2018-12-05 09:00:00","2018-12-05 10:15:00"
"313","otfKOMf7VUaB5lxUARO0HNusxPB2","2018-12-05","7","wed2","0","Blue","0.0","2018-12-05 12:00:00","2018-12-05 13:15:00"
"314","otfKOMf7VUaB5lxUARO0HNusxPB2","2018-12-05","7","wed1","0","Blue","0.0","2018-12-05 10:30:00","2018-12-05 11:45:00"
"315","otfKOMf7VUaB5lxUARO0HNusxPB2","2018-12-05","7","wed0","16","Yellow","21.333333333333336","2018-12-05 09:00:00","2018-12-05 10:15:00"
"316","otfKOMf7VUaB5lxUARO0HNusxPB2","2018-12-05","7","wed2","0","Blue","0.0","2018-12-05 12:00:00","2018-12-05 13:15:00"
"317","otfKOMf7VUaB5lxUARO0HNusxPB2","2018-12-05","7","wed1","0","Blue","0.0","2018-12-05 10:30:00","2018-12-05 11:45:00"
"318","otfKOMf7VUaB5lxUARO0HNusxPB2","2018-12-05","7","wed0","17","Yellow","22.666666666666664","2018-12-05 09:00:00","2018-12-05 10:15:00"
"319","otfKOMf7VUaB5lxUARO0HNusxPB2","2018-12-05","7","wed2","0","Blue","0.0","2018-12-05 12:00:00","2018-12-05 13:15:00"
"320","otfKOMf7VUaB5lxUARO0HNusxPB2","2018-12-05","7","wed1","0","Blue","0.0","2018-12-05 10:30:00","2018-12-05 11:45:00"
"321","otfKOMf7VUaB5lxUARO0HNusxPB2","2018-12-05","7","wed0","17","Yellow","22.666666666666664","2018-12-05 09:00:00","2018-12-05 10:15:00"
"322","otfKOMf7VUaB5lxUARO0HNusxPB2","2018-12-05","7","wed2","0","Blue","0.0","2018-12-05 12:00:00","2018-12-05 13:15:00"
"323","otfKOMf7VUaB5lxUARO0HNusxPB2","2018-12-05","7","wed1","0","Blue","0.0","2018-12-05 10:30:00","2018-12-05 11:45:00"
"324","otfKOMf7VUaB5lxUARO0HNusxPB2","2018-12-05","7","wed0","17","Yellow","22.666666666666664","2018-12-05 09:00:00","2018-12-05 10:15:00"
"325","otfKOMf7VUaB5lxUARO0HNusxPB2","2018-12-05","7","wed2","0","Blue","0.0","2018-12-05 12:00:00","2018-12-05 13:15:00"
"326","otfKOMf7VUaB5lxUARO0HNusxPB2","2018-12-05","7","wed1","11","Yellow","14.666666666666666","2018-12-05 10:30:00","2018-12-05 11:45:00"
"327","otfKOMf7VUaB5lxUARO0HNusxPB2","2018-12-05","7","wed0","17","Yellow","22.666666666666664","2018-12-05 09:00:00","2018-12-05 10:15:00"
"328","otfKOMf7VUaB5lxUARO0HNusxPB2","2018-12-05","7","wed2","0","Blue","0.0","2018-12-05 12:00:00","2018-12-05 13:15:00"
"329","otfKOMf7VUaB5lxUARO0HNusxPB2","2018-12-05","7","wed1","17","Yellow","22.666666666666664","2018-12-05 10:30:00","2018-12-05 11:45:00"
"330","otfKOMf7VUaB5lxUARO0HNusxPB2","2018-12-05","7","wed0","17","Yellow","22.666666666666664","2018-12-05 09:00:00","2018-12-05 10:15:00"
"331","otfKOMf7VUaB5lxUARO0HNusxPB2","2018-12-05","7","wed2","0","Blue","0.0","2018-12-05 12:00:00","2018-12-05 13:15:00"
"332","otfKOMf7VUaB5lxUARO0HNusxPB2","2018-12-05","7","wed1","19","Yellow","25.333333333333336","2018-12-05 10:30:00","2018-12-05 11:45:00"
"333","otfKOMf7VUaB5lxUARO0HNusxPB2","2018-12-05","7","wed0","17","Yellow","22.666666666666664","2018-12-05 09:00:00","2018-12-05 10:15:00"
"334","otfKOMf7VUaB5lxUARO0HNusxPB2","2018-12-05","7","wed2","0","Blue","0.0","2018-12-05 12:00:00","2018-12-05 13:15:00"
"335","otfKOMf7VUaB5lxUARO0HNusxPB2","2018-12-05","7","wed1","19","Yellow","25.333333333333336","2018-12-05 10:30:00","2018-12-05 11:45:00"
"336","otfKOMf7VUaB5lxUARO0HNusxPB2","2018-12-05","7","wed0","17","Yellow","22.666666666666664","2018-12-05 09:00:00","2018-12-05 10:15:00"
"337","otfKOMf7VUaB5lxUARO0HNusxPB2","2018-12-05","7","wed2","0","Blue","0.0","2018-12-05 12:00:00","2018-12-05 13:15:00"
"338","otfKOMf7VUaB5lxUARO0HNusxPB2","2018-12-05","7","wed1","24","Yellow","32.0","2018-12-05 10:30:00","2018-12-05 11:45:00"
"339","otfKOMf7VUaB5lxUARO0HNusxPB2","2018-12-05","7","wed0","17","Yellow","22.666666666666664","2018-12-05 09:00:00","2018-12-05 10:15:00"
"340","otfKOMf7VUaB5lxUARO0HNusxPB2","2018-12-05","7","wed2","0","Blue","0.0","2018-12-05 12:00:00","2018-12-05 13:15:00"
"341","otfKOMf7VUaB5lxUARO0HNusxPB2","2018-12-05","7","wed1","24","Yellow","32.0","2018-12-05 10:30:00","2018-12-05 11:45:00"
"342","otfKOMf7VUaB5lxUARO0HNusxPB2","2018-12-05","7","wed0","17","Yellow","22.666666666666664","2018-12-05 09:00:00","2018-12-05 10:15:00"
"343","otfKOMf7VUaB5lxUARO0HNusxPB2","2018-12-05","7","wed2","2","Blue","2.666666666666667","2018-12-05 12:00:00","2018-12-05 13:15:00"
"344","otfKOMf7VUaB5lxUARO0HNusxPB2","2018-12-05","7","wed1","24","Yellow","32.0","2018-12-05 10:30:00","2018-12-05 11:45:00"
"345","otfKOMf7VUaB5lxUARO0HNusxPB2","2018-12-05","7","wed0","17","Yellow","22.666666666666664","2018-12-05 09:00:00","2018-12-05 10:15:00"
"346","otfKOMf7VUaB5lxUARO0HNusxPB2","2018-12-05","7","wed2","5","Blue","6.666666666666667","2018-12-05 12:00:00","2018-12-05 13:15:00"
"347","otfKOMf7VUaB5lxUARO0HNusxPB2","2018-12-05","7","wed1","24","Yellow","32.0","2018-12-05 10:30:00","2018-12-05 11:45:00"
"348","otfKOMf7VUaB5lxUARO0HNusxPB2","2018-12-05","7","wed0","17","Yellow","22.666666666666664","2018-12-05 09:00:00","2018-12-05 10:15:00"
"349","otfKOMf7VUaB5lxUARO0HNusxPB2","2018-12-05","7","wed2","9","Yellow","12.0","2018-12-05 12:00:00","2018-12-05 13:15:00"
"350","otfKOMf7VUaB5lxUARO0HNusxPB2","2018-12-05","7","wed1","24","Yellow","32.0","2018-12-05 10:30:00","2018-12-05 11:45:00"
"351","otfKOMf7VUaB5lxUARO0HNusxPB2","2018-12-05","7","wed0","17","Yellow","22.666666666666664","2018-12-05 09:00:00","2018-12-05 10:15:00"
"352","otfKOMf7VUaB5lxUARO0HNusxPB2","2018-12-05","7","wed2","12","Yellow","16.0","2018-12-05 12:00:00","2018-12-05 13:15:00"
"353","otfKOMf7VUaB5lxUARO0HNusxPB2","2018-12-05","7","wed1","24","Yellow","32.0","2018-12-05 10:30:00","2018-12-05 11:45:00"
"354","otfKOMf7VUaB5lxUARO0HNusxPB2","2018-12-05","7","wed0","17","Yellow","22.666666666666664","2018-12-05 09:00:00","2018-12-05 10:15:00"
"355","otfKOMf7VUaB5lxUARO0HNusxPB2","2018-12-05","7","wed2","12","Yellow","16.0","2018-12-05 12:00:00","2018-12-05 13:15:00"
"356","otfKOMf7VUaB5lxUARO0HNusxPB2","2018-12-05","7","wed1","24","Yellow","32.0","2018-12-05 10:30:00","2018-12-05 11:45:00"
"357","otfKOMf7VUaB5lxUARO0HNusxPB2","2018-12-05","7","wed0","17","Yellow","22.666666666666664","2018-12-05 09:00:00","2018-12-05 10:15:00"
"358","otfKOMf7VUaB5lxUARO0HNusxPB2","2018-12-05","7","wed2","12","Yellow","16.0","2018-12-05 12:00:00","2018-12-05 13:15:00"
"359","otfKOMf7VUaB5lxUARO0HNusxPB2","2018-12-05","7","wed1","24","Yellow","32.0","2018-12-05 10:30:00","2018-12-05 11:45:00"
"360","otfKOMf7VUaB5lxUARO0HNusxPB2","2018-12-05","7","wed0","17","Yellow","22.666666666666664","2018-12-05 09:00:00","2018-12-05 10:15:00"
"361","otfKOMf7VUaB5lxUARO0HNusxPB2","2018-12-05","7","wed2","12","Yellow","16.0","2018-12-05 12:00:00","2018-12-05 13:15:00"
"362","otfKOMf7VUaB5lxUARO0HNusxPB2","2018-12-05","7","wed1","24","Yellow","32.0","2018-12-05 10:30:00","2018-12-05 11:45:00"
"363","otfKOMf7VUaB5lxUARO0HNusxPB2","2018-12-05","7","wed0","17","Yellow","22.666666666666664","2018-12-05 09:00:00","2018-12-05 10:15:00"
"364","otfKOMf7VUaB5lxUARO0HNusxPB2","2018-12-05","7","wed2","12","Yellow","16.0","2018-12-05 12:00:00","2018-12-05 13:15:00"
"365","otfKOMf7VUaB5lxUARO0HNusxPB2","2018-12-05","7","wed1","24","Yellow","32.0","2018-12-05 10:30:00","2018-12-05 11:45:00"
"366","otfKOMf7VUaB5lxUARO0HNusxPB2","2018-12-05","7","wed0","17","Yellow","22.666666666666664","2018-12-05 09:00:00","2018-12-05 10:15:00"
"367","otfKOMf7VUaB5lxUARO0HNusxPB2","2018-12-05","7","wed2","12","Yellow","16.0","2018-12-05 12:00:00","2018-12-05 13:15:00"
"368","otfKOMf7VUaB5lxUARO0HNusxPB2","2018-12-05","7","wed1","24","Yellow","32.0","2018-12-05 10:30:00","2018-12-05 11:45:00"
"369","otfKOMf7VUaB5lxUARO0HNusxPB2","2018-12-05","7","wed0","17","Yellow","22.666666666666664","2018-12-05 09:00:00","2018-12-05 10:15:00"
"370","otfKOMf7VUaB5lxUARO0HNusxPB2","2018-12-05","7","wed2","12","Yellow","16.0","2018-12-05 12:00:00","2018-12-05 13:15:00"
"371","otfKOMf7VUaB5lxUARO0HNusxPB2","2018-12-05","7","wed1","24","Yellow","32.0","2018-12-05 10:30:00","2018-12-05 11:45:00"
"372","otfKOMf7VUaB5lxUARO0HNusxPB2","2018-12-05","7","wed0","17","Yellow","22.666666666666664","2018-12-05 09:00:00","2018-12-05 10:15:00"
"373","otfKOMf7VUaB5lxUARO0HNusxPB2","2018-12-05","7","wed2","12","Yellow","16.0","2018-12-05 12:00:00","2018-12-05 13:15:00"
"374","otfKOMf7VUaB5lxUARO0HNusxPB2","2018-12-05","7","wed1","24","Yellow","32.0","2018-12-05 10:30:00","2018-12-05 11:45:00"
"375","otfKOMf7VUaB5lxUARO0HNusxPB2","2018-12-05","7","wed0","17","Yellow","22.666666666666664","2018-12-05 09:00:00","2018-12-05 10:15:00"
"376","otfKOMf7VUaB5lxUARO0HNusxPB2","2018-12-05","7","wed2","12","Yellow","16.0","2018-12-05 12:00:00","2018-12-05 13:15:00"
"377","otfKOMf7VUaB5lxUARO0HNusxPB2","2018-12-05","7","wed1","24","Yellow","32.0","2018-12-05 10:30:00","2018-12-05 11:45:00"
"378","otfKOMf7VUaB5lxUARO0HNusxPB2","2018-12-05","7","wed0","17","Yellow","22.666666666666664","2018-12-05 09:00:00","2018-12-05 10:15:00"
"379","otfKOMf7VUaB5lxUARO0HNusxPB2","2018-12-05","7","wed2","12","Yellow","16.0","2018-12-05 12:00:00","2018-12-05 13:15:00"
"380","otfKOMf7VUaB5lxUARO0HNusxPB2","2018-12-05","7","wed1","24","Yellow","32.0","2018-12-05 10:30:00","2018-12-05 11:45:00"
"381","otfKOMf7VUaB5lxUARO0HNusxPB2","2018-12-05","7","wed0","17","Yellow","22.666666666666664","2018-12-05 09:00:00","2018-12-05 10:15:00"
"382","otfKOMf7VUaB5lxUARO0HNusxPB2","2018-12-05","7","wed2","12","Yellow","16.0","2018-12-05 12:00:00","2018-12-05 13:15:00"
"383","otfKOMf7VUaB5lxUARO0HNusxPB2","2018-12-05","7","wed1","24","Yellow","32.0","2018-12-05 10:30:00","2018-12-05 11:45:00"
"384","otfKOMf7VUaB5lxUARO0HNusxPB2","2018-12-05","7","wed0","17","Yellow","22.666666666666664","2018-12-05 09:00:00","2018-12-05 10:15:00"
"385","otfKOMf7VUaB5lxUARO0HNusxPB2","2018-12-05","7","wed2","12","Yellow","16.0","2018-12-05 12:00:00","2018-12-05 13:15:00"
"386","otfKOMf7VUaB5lxUARO0HNusxPB2","2018-12-05","7","wed1","24","Yellow","32.0","2018-12-05 10:30:00","2018-12-05 11:45:00"
"387","otfKOMf7VUaB5lxUARO0HNusxPB2","2018-12-05","7","wed0","17","Yellow","22.666666666666664","2018-12-05 09:00:00","2018-12-05 10:15:00"
"388","otfKOMf7VUaB5lxUARO0HNusxPB2","2018-12-05","7","wed2","12","Yellow","16.0","2018-12-05 12:00:00","2018-12-05 13:15:00"
"389","otfKOMf7VUaB5lxUARO0HNusxPB2","2018-12-05","7","wed1","24","Yellow","32.0","2018-12-05 10:30:00","2018-12-05 11:45:00"
"390","otfKOMf7VUaB5lxUARO0HNusxPB2","2018-12-05","7","wed0","17","Yellow","22.666666666666664","2018-12-05 09:00:00","2018-12-05 10:15:00"
"391","otfKOMf7VUaB5lxUARO0HNusxPB2","2018-12-05","7","wed2","12","Yellow","16.0","2018-12-05 12:00:00","2018-12-05 13:15:00"
"392","otfKOMf7VUaB5lxUARO0HNusxPB2","2018-12-05","7","wed1","24","Yellow","32.0","2018-12-05 10:30:00","2018-12-05 11:45:00"
"393","otfKOMf7VUaB5lxUARO0HNusxPB2","2018-12-05","7","wed0","17","Yellow","22.666666666666664","2018-12-05 09:00:00","2018-12-05 10:15:00"
"394","otfKOMf7VUaB5lxUARO0HNusxPB2","2018-12-05","7","wed2","12","Yellow","16.0","2018-12-05 12:00:00","2018-12-05 13:15:00"
"395","otfKOMf7VUaB5lxUARO0HNusxPB2","2018-12-05","7","wed1","24","Yellow","32.0","2018-12-05 10:30:00","2018-12-05 11:45:00"
"396","otfKOMf7VUaB5lxUARO0HNusxPB2","2018-12-05","7","wed0","17","Yellow","22.666666666666664","2018-12-05 09:00:00","2018-12-05 10:15:00"
"397","otfKOMf7VUaB5lxUARO0HNusxPB2","2018-12-05","7","wed2","12","Yellow","16.0","2018-12-05 12:00:00","2018-12-05 13:15:00"
"398","otfKOMf7VUaB5lxUARO0HNusxPB2","2018-12-05","7","wed1","24","Yellow","32.0","2018-12-05 10:30:00","2018-12-05 11:45:00"
"399","otfKOMf7VUaB5lxUARO0HNusxPB2","2018-12-05","7","wed0","17","Yellow","22.666666666666664","2018-12-05 09:00:00","2018-12-05 10:15:00"
"400","otfKOMf7VUaB5lxUARO0HNusxPB2","2018-12-06","7","thu5","0","Blue","0.0","2018-12-06 16:30:00","2018-12-06 17:45:00"
"401","otfKOMf7VUaB5lxUARO0HNusxPB2","2018-12-06","7","thu5","0","Blue","0.0","2018-12-06 16:30:00","2018-12-06 17:45:00"
"402","otfKOMf7VUaB5lxUARO0HNusxPB2","2018-12-06","7","thu5","0","Blue","0.0","2018-12-06 16:30:00","2018-12-06 17:45:00"
"403","otfKOMf7VUaB5lxUARO0HNusxPB2","2018-12-06","7","thu5","0","Blue","0.0","2018-12-06 16:30:00","2018-12-06 17:45:00"
"404","otfKOMf7VUaB5lxUARO0HNusxPB2","2018-12-06","7","thu5","0","Blue","0.0","2018-12-06 16:30:00","2018-12-06 17:45:00"
"405","otfKOMf7VUaB5lxUARO0HNusxPB2","2018-12-06","7","thu5","0","Blue","0.0","2018-12-06 16:30:00","2018-12-06 17:45:00"
"406","otfKOMf7VUaB5lxUARO0HNusxPB2","2018-12-06","7","thu5","0","Blue","0.0","2018-12-06 16:30:00","2018-12-06 17:45:00"
"407","otfKOMf7VUaB5lxUARO0HNusxPB2","2018-12-06","7","thu5","0","Blue","0.0","2018-12-06 16:30:00","2018-12-06 17:45:00"
"408","otfKOMf7VUaB5lxUARO0HNusxPB2","2018-12-06","7","thu5","0","Blue","0.0","2018-12-06 16:30:00","2018-12-06 17:45:00"
"409","otfKOMf7VUaB5lxUARO0HNusxPB2","2018-12-06","7","thu5","0","Blue","0.0","2018-12-06 16:30:00","2018-12-06 17:45:00"
"410","otfKOMf7VUaB5lxUARO0HNusxPB2","2018-12-06","7","thu5","0","Blue","0.0","2018-12-06 16:30:00","2018-12-06 17:45:00"
"411","otfKOMf7VUaB5lxUARO0HNusxPB2","2018-12-06","7","thu5","0","Blue","0.0","2018-12-06 16:30:00","2018-12-06 17:45:00"
"412","otfKOMf7VUaB5lxUARO0HNusxPB2","2018-12-06","7","thu5","0","Blue","0.0","2018-12-06 16:30:00","2018-12-06 17:45:00"
"413","otfKOMf7VUaB5lxUARO0HNusxPB2","2018-12-06","7","thu5","0","Blue","0.0","2018-12-06 16:30:00","2018-12-06 17:45:00"
"414","otfKOMf7VUaB5lxUARO0HNusxPB2","2018-12-06","7","thu5","0","Blue","0.0","2018-12-06 16:30:00","2018-12-06 17:45:00"
"415","otfKOMf7VUaB5lxUARO0HNusxPB2","2018-12-06","7","thu5","0","Blue","0.0","2018-12-06 16:30:00","2018-12-06 17:45:00"
"416","otfKOMf7VUaB5lxUARO0HNusxPB2","2018-12-06","7","thu5","0","Blue","0.0","2018-12-06 16:30:00","2018-12-06 17:45:00"
"417","otfKOMf7VUaB5lxUARO0HNusxPB2","2018-12-06","7","thu5","0","Blue","0.0","2018-12-06 16:30:00","2018-12-06 17:45:00"
"418","otfKOMf7VUaB5lxUARO0HNusxPB2","2018-12-06","7","thu5","0","Blue","0.0","2018-12-06 16:30:00","2018-12-06 17:45:00"
"419","otfKOMf7VUaB5lxUARO0HNusxPB2","2018-12-06","7","thu5","0","Blue","0.0","2018-12-06 16:30:00","2018-12-06 17:45:00"
"420","otfKOMf7VUaB5lxUARO0HNusxPB2","2018-12-06","7","thu5","0","Blue","0.0","2018-12-06 16:30:00","2018-12-06 17:45:00"
"421","otfKOMf7VUaB5lxUARO0HNusxPB2","2018-12-06","7","thu5","0","Blue","0.0","2018-12-06 16:30:00","2018-12-06 17:45:00"
"422","otfKOMf7VUaB5lxUARO0HNusxPB2","2018-12-06","7","thu5","0","Blue","0.0","2018-12-06 16:30:00","2018-12-06 17:45:00"
"423","otfKOMf7VUaB5lxUARO0HNusxPB2","2018-12-06","7","thu5","0","Blue","0.0","2018-12-06 16:30:00","2018-12-06 17:45:00"
"424","otfKOMf7VUaB5lxUARO0HNusxPB2","2018-12-06","7","thu5","0","Blue","0.0","2018-12-06 16:30:00","2018-12-06 17:45:00"
"425","otfKOMf7VUaB5lxUARO0HNusxPB2","2018-12-06","7","thu5","0","Blue","0.0","2018-12-06 16:30:00","2018-12-06 17:45:00"
"426","otfKOMf7VUaB5lxUARO0HNusxPB2","2018-12-06","7","thu5","0","Blue","0.0","2018-12-06 16:30:00","2018-12-06 17:45:00"
"427","otfKOMf7VUaB5lxUARO0HNusxPB2","2018-12-06","7","thu5","0","Blue","0.0","2018-12-06 16:30:00","2018-12-06 17:45:00"
"428","otfKOMf7VUaB5lxUARO0HNusxPB2","2018-12-06","7","thu5","0","Blue","0.0","2018-12-06 16:30:00","2018-12-06 17:45:00"
"429","otfKOMf7VUaB5lxUARO0HNusxPB2","2018-12-06","7","thu5","0","Blue","0.0","2018-12-06 16:30:00","2018-12-06 17:45:00"
"430","otfKOMf7VUaB5lxUARO0HNusxPB2","2018-12-06","7","thu5","0","Blue","0.0","2018-12-06 16:30:00","2018-12-06 17:45:00"
"431","otfKOMf7VUaB5lxUARO0HNusxPB2","2018-12-06","7","thu5","0","Blue","0.0","2018-12-06 16:30:00","2018-12-06 17:45:00"
"432","otfKOMf7VUaB5lxUARO0HNusxPB2","2018-12-06","7","thu5","0","Blue","0.0","2018-12-06 16:30:00","2018-12-06 17:45:00"
"433","otfKOMf7VUaB5lxUARO0HNusxPB2","2018-12-06","7","thu5","0","Blue","0.0","2018-12-06 16:30:00","2018-12-06 17:45:00"
"434","otfKOMf7VUaB5lxUARO0HNusxPB2","2018-12-06","7","thu5","0","Blue","0.0","2018-12-06 16:30:00","2018-12-06 17:45:00"
"435","otfKOMf7VUaB5lxUARO0HNusxPB2","2018-12-06","7","thu5","0","Blue","0.0","2018-12-06 16:30:00","2018-12-06 17:45:00"
"436","otfKOMf7VUaB5lxUARO0HNusxPB2","2018-12-06","7","thu5","0","Blue","0.0","2018-12-06 16:30:00","2018-12-06 17:45:00"
"437","otfKOMf7VUaB5lxUARO0HNusxPB2","2018-12-06","7","thu5","0","Blue","0.0","2018-12-06 16:30:00","2018-12-06 17:45:00"
"438","otfKOMf7VUaB5lxUARO0HNusxPB2","2018-12-06","7","thu5","0","Blue","0.0","2018-12-06 16:30:00","2018-12-06 17:45:00"
"439","otfKOMf7VUaB5lxUARO0HNusxPB2","2018-12-06","7","thu5","0","Blue","0.0","2018-12-06 16:30:00","2018-12-06 17:45:00"
"440","otfKOMf7VUaB5lxUARO0HNusxPB2","2018-12-06","7","thu5","0","Blue","0.0","2018-12-06 16:30:00","2018-12-06 17:45:00"
"441","otfKOMf7VUaB5lxUARO0HNusxPB2","2018-12-06","7","thu5","0","Blue","0.0","2018-12-06 16:30:00","2018-12-06 17:45:00"
"442","otfKOMf7VUaB5lxUARO0HNusxPB2","2018-12-06","7","thu5","0","Blue","0.0","2018-12-06 16:30:00","2018-12-06 17:45:00"
"443","otfKOMf7VUaB5lxUARO0HNusxPB2","2018-12-06","7","thu5","0","Blue","0.0","2018-12-06 16:30:00","2018-12-06 17:45:00"
"444","otfKOMf7VUaB5lxUARO0HNusxPB2","2018-12-06","7","thu5","0","Blue","0.0","2018-12-06 16:30:00","2018-12-06 17:45:00"
"445","otfKOMf7VUaB5lxUARO0HNusxPB2","2018-12-06","7","thu5","0","Blue","0.0","2018-12-06 16:30:00","2018-12-06 17:45:00"
"446","otfKOMf7VUaB5lxUARO0HNusxPB2","2018-12-06","7","thu5","0","Blue","0.0","2018-12-06 16:30:00","2018-12-06 17:45:00"
"447","otfKOMf7VUaB5lxUARO0HNusxPB2","2018-12-06","7","thu5","0","Blue","0.0","2018-12-06 16:30:00","2018-12-06 17:45:00"
"448","otfKOMf7VUaB5lxUARO0HNusxPB2","2018-12-06","7","thu5","0","Blue","0.0","2018-12-06 16:30:00","2018-12-06 17:45:00"
"449","otfKOMf7VUaB5lxUARO0HNusxPB2","2018-12-06","7","thu5","0","Blue","0.0","2018-12-06 16:30:00","2018-12-06 17:45:00"
"450","otfKOMf7VUaB5lxUARO0HNusxPB2","2018-12-06","7","thu5","0","Blue","0.0","2018-12-06 16:30:00","2018-12-06 17:45:00"
"451","otfKOMf7VUaB5lxUARO0HNusxPB2","2018-12-06","7","thu5","0","Blue","0.0","2018-12-06 16:30:00","2018-12-06 17:45:00"
"452","otfKOMf7VUaB5lxUARO0HNusxPB2","2018-12-06","7","thu5","0","Blue","0.0","2018-12-06 16:30:00","2018-12-06 17:45:00"
"453","otfKOMf7VUaB5lxUARO0HNusxPB2","2018-12-06","7","thu5","0","Blue","0.0","2018-12-06 16:30:00","2018-12-06 17:45:00"
"454","otfKOMf7VUaB5lxUARO0HNusxPB2","2018-12-06","7","thu5","0","Blue","0.0","2018-12-06 16:30:00","2018-12-06 17:45:00"
"455","otfKOMf7VUaB5lxUARO0HNusxPB2","2018-12-06","7","thu5","0","Blue","0.0","2018-12-06 16:30:00","2018-12-06 17:45:00"
"456","otfKOMf7VUaB5lxUARO0HNusxPB2","2018-12-06","7","thu5","0","Blue","0.0","2018-12-06 16:30:00","2018-12-06 17:45:00"
"457","otfKOMf7VUaB5lxUARO0HNusxPB2","2018-12-06","7","thu5","0","Blue","0.0","2018-12-06 16:30:00","2018-12-06 17:45:00"
"458","otfKOMf7VUaB5lxUARO0HNusxPB2","2018-12-06","7","thu5","0","Blue","0.0","2018-12-06 16:30:00","2018-12-06 17:45:00"
"459","otfKOMf7VUaB5lxUARO0HNusxPB2","2018-12-06","7","thu5","0","Blue","0.0","2018-12-06 16:30:00","2018-12-06 17:45:00"
"460","otfKOMf7VUaB5lxUARO0HNusxPB2","2018-12-06","7","thu5","0","Blue","0.0","2018-12-06 16:30:00","2018-12-06 17:45:00"
"461","otfKOMf7VUaB5lxUARO0HNusxPB2","2018-12-06","7","thu5","0","Blue","0.0","2018-12-06 16:30:00","2018-12-06 17:45:00"
"462","otfKOMf7VUaB5lxUARO0HNusxPB2","2018-12-07","7","fri1","0","Blue","0.0","2018-12-07 10:30:00","2018-12-07 11:45:00"
"463","otfKOMf7VUaB5lxUARO0HNusxPB2","2018-12-07","7","fri2","0","Blue","0.0","2018-12-07 12:00:00","2018-12-07 13:15:00"
"464","otfKOMf7VUaB5lxUARO0HNusxPB2","2018-12-07","7","fri4","0","Blue","0.0","2018-12-07 15:30:00","2018-12-07 16:15:00"
"465","otfKOMf7VUaB5lxUARO0HNusxPB2","2018-12-07","7","fri1","0","Blue","0.0","2018-12-07 10:30:00","2018-12-07 11:45:00"
"466","otfKOMf7VUaB5lxUARO0HNusxPB2","2018-12-07","7","fri2","0","Blue","0.0","2018-12-07 12:00:00","2018-12-07 13:15:00"
"467","otfKOMf7VUaB5lxUARO0HNusxPB2","2018-12-07","7","fri4","0","Blue","0.0","2018-12-07 15:30:00","2018-12-07 16:15:00"
"468","otfKOMf7VUaB5lxUARO0HNusxPB2","2018-12-07","7","fri1","0","Blue","0.0","2018-12-07 10:30:00","2018-12-07 11:45:00"
"469","otfKOMf7VUaB5lxUARO0HNusxPB2","2018-12-07","7","fri2","0","Blue","0.0","2018-12-07 12:00:00","2018-12-07 13:15:00"
"470","otfKOMf7VUaB5lxUARO0HNusxPB2","2018-12-07","7","fri4","0","Blue","0.0","2018-12-07 15:30:00","2018-12-07 16:15:00"
"471","otfKOMf7VUaB5lxUARO0HNusxPB2","2018-12-07","7","fri1","0","Blue","0.0","2018-12-07 10:30:00","2018-12-07 11:45:00"
"472","otfKOMf7VUaB5lxUARO0HNusxPB2","2018-12-07","7","fri2","0","Blue","0.0","2018-12-07 12:00:00","2018-12-07 13:15:00"
"473","otfKOMf7VUaB5lxUARO0HNusxPB2","2018-12-07","7","fri4","0","Blue","0.0","2018-12-07 15:30:00","2018-12-07 16:15:00"
"474","otfKOMf7VUaB5lxUARO0HNusxPB2","2018-12-07","7","fri1","0","Blue","0.0","2018-12-07 10:30:00","2018-12-07 11:45:00"
"475","otfKOMf7VUaB5lxUARO0HNusxPB2","2018-12-07","7","fri2","0","Blue","0.0","2018-12-07 12:00:00","2018-12-07 13:15:00"
"476","otfKOMf7VUaB5lxUARO0HNusxPB2","2018-12-07","7","fri4","0","Blue","0.0","2018-12-07 15:30:00","2018-12-07 16:15:00"
"477","otfKOMf7VUaB5lxUARO0HNusxPB2","2018-12-07","7","fri1","0","Blue","0.0","2018-12-07 10:30:00","2018-12-07 11:45:00"
"478","otfKOMf7VUaB5lxUARO0HNusxPB2","2018-12-07","7","fri2","0","Blue","0.0","2018-12-07 12:00:00","2018-12-07 13:15:00"
"479","otfKOMf7VUaB5lxUARO0HNusxPB2","2018-12-07","7","fri4","0","Blue","0.0","2018-12-07 15:30:00","2018-12-07 16:15:00"
"480","otfKOMf7VUaB5lxUARO0HNusxPB2","2018-12-07","7","fri1","0","Blue","0.0","2018-12-07 10:30:00","2018-12-07 11:45:00"
"481","otfKOMf7VUaB5lxUARO0HNusxPB2","2018-12-07","7","fri2","0","Blue","0.0","2018-12-07 12:00:00","2018-12-07 13:15:00"
"482","otfKOMf7VUaB5lxUARO0HNusxPB2","2018-12-07","7","fri4","0","Blue","0.0","2018-12-07 15:30:00","2018-12-07 16:15:00"
"483","otfKOMf7VUaB5lxUARO0HNusxPB2","2018-12-07","7","fri1","0","Blue","0.0","2018-12-07 10:30:00","2018-12-07 11:45:00"
"484","otfKOMf7VUaB5lxUARO0HNusxPB2","2018-12-07","7","fri2","0","Blue","0.0","2018-12-07 12:00:00","2018-12-07 13:15:00"
"485","otfKOMf7VUaB5lxUARO0HNusxPB2","2018-12-07","7","fri4","0","Blue","0.0","2018-12-07 15:30:00","2018-12-07 16:15:00"
"486","otfKOMf7VUaB5lxUARO0HNusxPB2","2018-12-07","7","fri1","0","Blue","0.0","2018-12-07 10:30:00","2018-12-07 11:45:00"
"487","otfKOMf7VUaB5lxUARO0HNusxPB2","2018-12-07","7","fri2","0","Blue","0.0","2018-12-07 12:00:00","2018-12-07 13:15:00"
"488","otfKOMf7VUaB5lxUARO0HNusxPB2","2018-12-07","7","fri4","0","Blue","0.0","2018-12-07 15:30:00","2018-12-07 16:15:00"
"489","otfKOMf7VUaB5lxUARO0HNusxPB2","2018-12-07","7","fri1","0","Blue","0.0","2018-12-07 10:30:00","2018-12-07 11:45:00"
"490","otfKOMf7VUaB5lxUARO0HNusxPB2","2018-12-07","7","fri2","0","Blue","0.0","2018-12-07 12:00:00","2018-12-07 13:15:00"
"491","otfKOMf7VUaB5lxUARO0HNusxPB2","2018-12-07","7","fri4","0","Blue","0.0","2018-12-07 15:30:00","2018-12-07 16:15:00"
"492","otfKOMf7VUaB5lxUARO0HNusxPB2","2018-12-07","7","fri1","0","Blue","0.0","2018-12-07 10:30:00","2018-12-07 11:45:00"
"493","otfKOMf7VUaB5lxUARO0HNusxPB2","2018-12-07","7","fri2","0","Blue","0.0","2018-12-07 12:00:00","2018-12-07 13:15:00"
"494","otfKOMf7VUaB5lxUARO0HNusxPB2","2018-12-07","7","fri4","0","Blue","0.0","2018-12-07 15:30:00","2018-12-07 16:15:00"
"495","otfKOMf7VUaB5lxUARO0HNusxPB2","2018-12-07","7","fri1","0","Blue","0.0","2018-12-07 10:30:00","2018-12-07 11:45:00"
"496","otfKOMf7VUaB5lxUARO0HNusxPB2","2018-12-07","7","fri2","0","Blue","0.0","2018-12-07 12:00:00","2018-12-07 13:15:00"
"497","otfKOMf7VUaB5lxUARO0HNusxPB2","2018-12-07","7","fri4","0","Blue","0.0","2018-12-07 15:30:00","2018-12-07 16:15:00"
"498","otfKOMf7VUaB5lxUARO0HNusxPB2","2018-12-07","7","fri1","38","Red","50.66666666666667","2018-12-07 10:30:00","2018-12-07 11:45:00"
"499","otfKOMf7VUaB5lxUARO0HNusxPB2","2018-12-07","7","fri2","2","Blue","2.666666666666667","2018-12-07 12:00:00","2018-12-07 13:15:00"
"500","otfKOMf7VUaB5lxUARO0HNusxPB2","2018-12-07","7","fri4","0","Blue","0.0","2018-12-07 15:30:00","2018-12-07 16:15:00"
"501","otfKOMf7VUaB5lxUARO0HNusxPB2","2018-12-07","7","fri1","38","Red","50.66666666666667","2018-12-07 10:30:00","2018-12-07 11:45:00"
"502","otfKOMf7VUaB5lxUARO0HNusxPB2","2018-12-07","7","fri2","2","Blue","2.666666666666667","2018-12-07 12:00:00","2018-12-07 13:15:00"
"503","otfKOMf7VUaB5lxUARO0HNusxPB2","2018-12-07","7","fri4","0","Blue","0.0","2018-12-07 15:30:00","2018-12-07 16:15:00"
"504","otfKOMf7VUaB5lxUARO0HNusxPB2","2018-12-07","7","fri1","38","Red","50.66666666666667","2018-12-07 10:30:00","2018-12-07 11:45:00"
"505","otfKOMf7VUaB5lxUARO0HNusxPB2","2018-12-07","7","fri2","2","Blue","2.666666666666667","2018-12-07 12:00:00","2018-12-07 13:15:00"
"506","otfKOMf7VUaB5lxUARO0HNusxPB2","2018-12-07","7","fri4","0","Blue","0.0","2018-12-07 15:30:00","2018-12-07 16:15:00"
"507","otfKOMf7VUaB5lxUARO0HNusxPB2","2018-12-07","7","fri1","38","Red","50.66666666666667","2018-12-07 10:30:00","2018-12-07 11:45:00"
"508","otfKOMf7VUaB5lxUARO0HNusxPB2","2018-12-07","7","fri2","2","Blue","2.666666666666667","2018-12-07 12:00:00","2018-12-07 13:15:00"
"509","otfKOMf7VUaB5lxUARO0HNusxPB2","2018-12-07","7","fri4","0","Blue","0.0","2018-12-07 15:30:00","2018-12-07 16:15:00"
"510","otfKOMf7VUaB5lxUARO0HNusxPB2","2018-12-07","7","fri1","38","Red","50.66666666666667","2018-12-07 10:30:00","2018-12-07 11:45:00"
"511","otfKOMf7VUaB5lxUARO0HNusxPB2","2018-12-07","7","fri2","2","Blue","2.666666666666667","2018-12-07 12:00:00","2018-12-07 13:15:00"
"512","otfKOMf7VUaB5lxUARO0HNusxPB2","2018-12-07","7","fri4","0","Blue","0.0","2018-12-07 15:30:00","2018-12-07 16:15:00"
"513","otfKOMf7VUaB5lxUARO0HNusxPB2","2018-12-07","7","fri1","38","Red","50.66666666666667","2018-12-07 10:30:00","2018-12-07 11:45:00"
"514","otfKOMf7VUaB5lxUARO0HNusxPB2","2018-12-07","7","fri2","2","Blue","2.666666666666667","2018-12-07 12:00:00","2018-12-07 13:15:00"
"515","otfKOMf7VUaB5lxUARO0HNusxPB2","2018-12-07","7","fri4","0","Blue","0.0","2018-12-07 15:30:00","2018-12-07 16:15:00"
"516","otfKOMf7VUaB5lxUARO0HNusxPB2","2018-12-07","7","fri1","38","Red","50.66666666666667","2018-12-07 10:30:00","2018-12-07 11:45:00"
"517","otfKOMf7VUaB5lxUARO0HNusxPB2","2018-12-07","7","fri2","2","Blue","2.666666666666667","2018-12-07 12:00:00","2018-12-07 13:15:00"
"518","otfKOMf7VUaB5lxUARO0HNusxPB2","2018-12-07","7","fri4","0","Blue","0.0","2018-12-07 15:30:00","2018-12-07 16:15:00"
"519","otfKOMf7VUaB5lxUARO0HNusxPB2","2018-12-07","7","fri1","38","Red","50.66666666666667","2018-12-07 10:30:00","2018-12-07 11:45:00"
"520","otfKOMf7VUaB5lxUARO0HNusxPB2","2018-12-07","7","fri2","2","Blue","2.666666666666667","2018-12-07 12:00:00","2018-12-07 13:15:00"
"521","otfKOMf7VUaB5lxUARO0HNusxPB2","2018-12-07","7","fri4","0","Blue","0.0","2018-12-07 15:30:00","2018-12-07 16:15:00"
"522","otfKOMf7VUaB5lxUARO0HNusxPB2","2018-12-07","7","fri1","38","Red","50.66666666666667","2018-12-07 10:30:00","2018-12-07 11:45:00"
"523","otfKOMf7VUaB5lxUARO0HNusxPB2","2018-12-07","7","fri2","2","Blue","2.666666666666667","2018-12-07 12:00:00","2018-12-07 13:15:00"
"524","otfKOMf7VUaB5lxUARO0HNusxPB2","2018-12-07","7","fri4","0","Blue","0.0","2018-12-07 15:30:00","2018-12-07 16:15:00"
"525","otfKOMf7VUaB5lxUARO0HNusxPB2","2018-12-07","7","fri1","38","Red","50.66666666666667","2018-12-07 10:30:00","2018-12-07 11:45:00"
"526","otfKOMf7VUaB5lxUARO0HNusxPB2","2018-12-07","7","fri2","2","Blue","2.666666666666667","2018-12-07 12:00:00","2018-12-07 13:15:00"
"527","otfKOMf7VUaB5lxUARO0HNusxPB2","2018-12-07","7","fri4","0","Blue","0.0","2018-12-07 15:30:00","2018-12-07 16:15:00"
"528","otfKOMf7VUaB5lxUARO0HNusxPB2","2018-12-07","7","fri1","38","Red","50.66666666666667","2018-12-07 10:30:00","2018-12-07 11:45:00"
"529","otfKOMf7VUaB5lxUARO0HNusxPB2","2018-12-07","7","fri2","2","Blue","2.666666666666667","2018-12-07 12:00:00","2018-12-07 13:15:00"
"530","otfKOMf7VUaB5lxUARO0HNusxPB2","2018-12-07","7","fri4","0","Blue","0.0","2018-12-07 15:30:00","2018-12-07 16:15:00"
"531","otfKOMf7VUaB5lxUARO0HNusxPB2","2018-12-07","7","fri1","38","Red","50.66666666666667","2018-12-07 10:30:00","2018-12-07 11:45:00"
"532","otfKOMf7VUaB5lxUARO0HNusxPB2","2018-12-07","7","fri2","2","Blue","2.666666666666667","2018-12-07 12:00:00","2018-12-07 13:15:00"
"533","otfKOMf7VUaB5lxUARO0HNusxPB2","2018-12-07","7","fri4","0","Blue","0.0","2018-12-07 15:30:00","2018-12-07 16:15:00"
"534","otfKOMf7VUaB5lxUARO0HNusxPB2","2018-12-07","7","fri1","38","Red","50.66666666666667","2018-12-07 10:30:00","2018-12-07 11:45:00"
"535","otfKOMf7VUaB5lxUARO0HNusxPB2","2018-12-07","7","fri2","2","Blue","2.666666666666667","2018-12-07 12:00:00","2018-12-07 13:15:00"
"536","otfKOMf7VUaB5lxUARO0HNusxPB2","2018-12-07","7","fri4","0","Blue","0.0","2018-12-07 15:30:00","2018-12-07 16:15:00"
"537","otfKOMf7VUaB5lxUARO0HNusxPB2","2018-12-07","7","fri1","38","Red","50.66666666666667","2018-12-07 10:30:00","2018-12-07 11:45:00"
"538","otfKOMf7VUaB5lxUARO0HNusxPB2","2018-12-07","7","fri2","2","Blue","2.666666666666667","2018-12-07 12:00:00","2018-12-07 13:15:00"
"539","otfKOMf7VUaB5lxUARO0HNusxPB2","2018-12-07","7","fri4","0","Blue","0.0","2018-12-07 15:30:00","2018-12-07 16:15:00"
"540","otfKOMf7VUaB5lxUARO0HNusxPB2","2018-12-07","7","fri1","38","Red","50.66666666666667","2018-12-07 10:30:00","2018-12-07 11:45:00"
"541","otfKOMf7VUaB5lxUARO0HNusxPB2","2018-12-07","7","fri2","2","Blue","2.666666666666667","2018-12-07 12:00:00","2018-12-07 13:15:00"
"542","otfKOMf7VUaB5lxUARO0HNusxPB2","2018-12-07","7","fri4","0","Blue","0.0","2018-12-07 15:30:00","2018-12-07 16:15:00"
"543","otfKOMf7VUaB5lxUARO0HNusxPB2","2018-12-07","7","fri1","38","Red","50.66666666666667","2018-12-07 10:30:00","2018-12-07 11:45:00"
"544","otfKOMf7VUaB5lxUARO0HNusxPB2","2018-12-07","7","fri2","2","Blue","2.666666666666667","2018-12-07 12:00:00","2018-12-07 13:15:00"
"545","otfKOMf7VUaB5lxUARO0HNusxPB2","2018-12-07","7","fri4","0","Blue","0.0","2018-12-07 15:30:00","2018-12-07 16:15:00"
"546","otfKOMf7VUaB5lxUARO0HNusxPB2","2018-12-07","7","fri1","38","Red","50.66666666666667","2018-12-07 10:30:00","2018-12-07 11:45:00"
"547","otfKOMf7VUaB5lxUARO0HNusxPB2","2018-12-07","7","fri2","2","Blue","2.666666666666667","2018-12-07 12:00:00","2018-12-07 13:15:00"
"548","otfKOMf7VUaB5lxUARO0HNusxPB2","2018-12-07","7","fri4","0","Blue","0.0","2018-12-07 15:30:00","2018-12-07 16:15:00"
"549","otfKOMf7VUaB5lxUARO0HNusxPB2","2018-12-07","7","fri1","38","Red","50.66666666666667","2018-12-07 10:30:00","2018-12-07 11:45:00"
"550","otfKOMf7VUaB5lxUARO0HNusxPB2","2018-12-07","7","fri2","2","Blue","2.666666666666667","2018-12-07 12:00:00","2018-12-07 13:15:00"
"551","otfKOMf7VUaB5lxUARO0HNusxPB2","2018-12-07","7","fri4","0","Blue","0.0","2018-12-07 15:30:00","2018-12-07 16:15:00"
"552","otfKOMf7VUaB5lxUARO0HNusxPB2","2018-12-07","7","fri1","38","Red","50.66666666666667","2018-12-07 10:30:00","2018-12-07 11:45:00"
"553","otfKOMf7VUaB5lxUARO0HNusxPB2","2018-12-07","7","fri2","2","Blue","2.666666666666667","2018-12-07 12:00:00","2018-12-07 13:15:00"
"554","otfKOMf7VUaB5lxUARO0HNusxPB2","2018-12-07","7","fri4","0","Blue","0.0","2018-12-07 15:30:00","2018-12-07 16:15:00"
"555","otfKOMf7VUaB5lxUARO0HNusxPB2","2018-12-07","7","fri1","38","Red","50.66666666666667","2018-12-07 10:30:00","2018-12-07 11:45:00"
"556","otfKOMf7VUaB5lxUARO0HNusxPB2","2018-12-07","7","fri2","2","Blue","2.666666666666667","2018-12-07 12:00:00","2018-12-07 13:15:00"
"557","otfKOMf7VUaB5lxUARO0HNusxPB2","2018-12-07","7","fri4","0","Blue","0.0","2018-12-07 15:30:00","2018-12-07 16:15:00"
"558","otfKOMf7VUaB5lxUARO0HNusxPB2","2018-12-07","7","fri1","38","Red","50.66666666666667","2018-12-07 10:30:00","2018-12-07 11:45:00"
"559","otfKOMf7VUaB5lxUARO0HNusxPB2","2018-12-07","7","fri2","2","Blue","2.666666666666667","2018-12-07 12:00:00","2018-12-07 13:15:00"
"560","otfKOMf7VUaB5lxUARO0HNusxPB2","2018-12-07","7","fri4","0","Blue","0.0","2018-12-07 15:30:00","2018-12-07 16:15:00"
"561","otfKOMf7VUaB5lxUARO0HNusxPB2","2018-12-07","7","fri1","38","Red","50.66666666666667","2018-12-07 10:30:00","2018-12-07 11:45:00"
"562","otfKOMf7VUaB5lxUARO0HNusxPB2","2018-12-07","7","fri2","2","Blue","2.666666666666667","2018-12-07 12:00:00","2018-12-07 13:15:00"
"563","otfKOMf7VUaB5lxUARO0HNusxPB2","2018-12-07","7","fri4","0","Blue","0.0","2018-12-07 15:30:00","2018-12-07 16:15:00"
"564","otfKOMf7VUaB5lxUARO0HNusxPB2","2018-12-07","7","fri1","38","Red","50.66666666666667","2018-12-07 10:30:00","2018-12-07 11:45:00"
"565","otfKOMf7VUaB5lxUARO0HNusxPB2","2018-12-07","7","fri2","2","Blue","2.666666666666667","2018-12-07 12:00:00","2018-12-07 13:15:00"
"566","otfKOMf7VUaB5lxUARO0HNusxPB2","2018-12-07","7","fri4","0","Blue","0.0","2018-12-07 15:30:00","2018-12-07 16:15:00"
"567","otfKOMf7VUaB5lxUARO0HNusxPB2","2018-12-07","7","fri1","38","Red","50.66666666666667","2018-12-07 10:30:00","2018-12-07 11:45:00"
"568","otfKOMf7VUaB5lxUARO0HNusxPB2","2018-12-07","7","fri2","2","Blue","2.666666666666667","2018-12-07 12:00:00","2018-12-07 13:15:00"
"569","otfKOMf7VUaB5lxUARO0HNusxPB2","2018-12-07","7","fri4","0","Blue","0.0","2018-12-07 15:30:00","2018-12-07 16:15:00"
"570","otfKOMf7VUaB5lxUARO0HNusxPB2","2018-12-07","7","fri1","38","Red","50.66666666666667","2018-12-07 10:30:00","2018-12-07 11:45:00"
"571","otfKOMf7VUaB5lxUARO0HNusxPB2","2018-12-07","7","fri2","2","Blue","2.666666666666667","2018-12-07 12:00:00","2018-12-07 13:15:00"
"572","otfKOMf7VUaB5lxUARO0HNusxPB2","2018-12-07","7","fri4","0","Blue","0.0","2018-12-07 15:30:00","2018-12-07 16:15:00"
"573","otfKOMf7VUaB5lxUARO0HNusxPB2","2018-12-07","7","fri1","38","Red","50.66666666666667","2018-12-07 10:30:00","2018-12-07 11:45:00"
"574","otfKOMf7VUaB5lxUARO0HNusxPB2","2018-12-07","7","fri2","2","Blue","2.666666666666667","2018-12-07 12:00:00","2018-12-07 13:15:00"
"575","otfKOMf7VUaB5lxUARO0HNusxPB2","2018-12-07","7","fri4","0","Blue","0.0","2018-12-07 15:30:00","2018-12-07 16:15:00"
"576","otfKOMf7VUaB5lxUARO0HNusxPB2","2018-12-07","7","fri1","38","Red","50.66666666666667","2018-12-07 10:30:00","2018-12-07 11:45:00"
"577","otfKOMf7VUaB5lxUARO0HNusxPB2","2018-12-07","7","fri2","2","Blue","2.666666666666667","2018-12-07 12:00:00","2018-12-07 13:15:00"
"578","otfKOMf7VUaB5lxUARO0HNusxPB2","2018-12-07","7","fri4","0","Blue","0.0","2018-12-07 15:30:00","2018-12-07 16:15:00"
"579","otfKOMf7VUaB5lxUARO0HNusxPB2","2018-12-07","7","fri1","38","Red","50.66666666666667","2018-12-07 10:30:00","2018-12-07 11:45:00"
"580","otfKOMf7VUaB5lxUARO0HNusxPB2","2018-12-07","7","fri2","2","Blue","2.666666666666667","2018-12-07 12:00:00","2018-12-07 13:15:00"
"581","otfKOMf7VUaB5lxUARO0HNusxPB2","2018-12-07","7","fri4","0","Blue","0.0","2018-12-07 15:30:00","2018-12-07 16:15:00"
"582","otfKOMf7VUaB5lxUARO0HNusxPB2","2018-12-07","7","fri1","38","Red","50.66666666666667","2018-12-07 10:30:00","2018-12-07 11:45:00"
"583","otfKOMf7VUaB5lxUARO0HNusxPB2","2018-12-07","7","fri2","2","Blue","2.666666666666667","2018-12-07 12:00:00","2018-12-07 13:15:00"
"584","otfKOMf7VUaB5lxUARO0HNusxPB2","2018-12-07","7","fri4","0","Blue","0.0","2018-12-07 15:30:00","2018-12-07 16:15:00"
"585","otfKOMf7VUaB5lxUARO0HNusxPB2","2018-12-07","7","fri1","38","Red","50.66666666666667","2018-12-07 10:30:00","2018-12-07 11:45:00"
"586","otfKOMf7VUaB5lxUARO0HNusxPB2","2018-12-07","7","fri2","2","Blue","2.666666666666667","2018-12-07 12:00:00","2018-12-07 13:15:00"
"587","otfKOMf7VUaB5lxUARO0HNusxPB2","2018-12-07","7","fri4","0","Blue","0.0","2018-12-07 15:30:00","2018-12-07 16:15:00"
"588","otfKOMf7VUaB5lxUARO0HNusxPB2","2018-12-07","7","fri1","38","Red","50.66666666666667","2018-12-07 10:30:00","2018-12-07 11:45:00"
"589","otfKOMf7VUaB5lxUARO0HNusxPB2","2018-12-07","7","fri2","2","Blue","2.666666666666667","2018-12-07 12:00:00","2018-12-07 13:15:00"
"590","otfKOMf7VUaB5lxUARO0HNusxPB2","2018-12-07","7","fri4","0","Blue","0.0","2018-12-07 15:30:00","2018-12-07 16:15:00"
"591","otfKOMf7VUaB5lxUARO0HNusxPB2","2018-12-07","7","fri1","38","Red","50.66666666666667","2018-12-07 10:30:00","2018-12-07 11:45:00"
"592","otfKOMf7VUaB5lxUARO0HNusxPB2","2018-12-07","7","fri2","2","Blue","2.666666666666667","2018-12-07 12:00:00","2018-12-07 13:15:00"
"593","otfKOMf7VUaB5lxUARO0HNusxPB2","2018-12-07","7","fri4","0","Blue","0.0","2018-12-07 15:30:00","2018-12-07 16:15:00"
"594","otfKOMf7VUaB5lxUARO0HNusxPB2","2018-12-07","7","fri1","38","Red","50.66666666666667","2018-12-07 10:30:00","2018-12-07 11:45:00"
"595","otfKOMf7VUaB5lxUARO0HNusxPB2","2018-12-07","7","fri2","2","Blue","2.666666666666667","2018-12-07 12:00:00","2018-12-07 13:15:00"
"596","otfKOMf7VUaB5lxUARO0HNusxPB2","2018-12-07","7","fri4","0","Blue","0.0","2018-12-07 15:30:00","2018-12-07 16:15:00"
"597","otfKOMf7VUaB5lxUARO0HNusxPB2","2018-12-07","7","fri1","38","Red","50.66666666666667","2018-12-07 10:30:00","2018-12-07 11:45:00"
"598","otfKOMf7VUaB5lxUARO0HNusxPB2","2018-12-07","7","fri2","2","Blue","2.666666666666667","2018-12-07 12:00:00","2018-12-07 13:15:00"
"599","otfKOMf7VUaB5lxUARO0HNusxPB2","2018-12-07","7","fri4","0","Blue","0.0","2018-12-07 15:30:00","2018-12-07 16:15:00"
"600","otfKOMf7VUaB5lxUARO0HNusxPB2","2018-12-07","7","fri1","38","Red","50.66666666666667","2018-12-07 10:30:00","2018-12-07 11:45:00"
"601","otfKOMf7VUaB5lxUARO0HNusxPB2","2018-12-07","7","fri2","2","Blue","2.666666666666667","2018-12-07 12:00:00","2018-12-07 13:15:00"
"602","otfKOMf7VUaB5lxUARO0HNusxPB2","2018-12-07","7","fri4","0","Blue","0.0","2018-12-07 15:30:00","2018-12-07 16:15:00"
"603","otfKOMf7VUaB5lxUARO0HNusxPB2","2018-12-07","7","fri1","38","Red","50.66666666666667","2018-12-07 10:30:00","2018-12-07 11:45:00"
"604","otfKOMf7VUaB5lxUARO0HNusxPB2","2018-12-07","7","fri2","2","Blue","2.666666666666667","2018-12-07 12:00:00","2018-12-07 13:15:00"
"605","otfKOMf7VUaB5lxUARO0HNusxPB2","2018-12-07","7","fri4","0","Blue","0.0","2018-12-07 15:30:00","2018-12-07 16:15:00"
"606","otfKOMf7VUaB5lxUARO0HNusxPB2","2018-12-07","7","fri1","38","Red","50.66666666666667","2018-12-07 10:30:00","2018-12-07 11:45:00"
"607","otfKOMf7VUaB5lxUARO0HNusxPB2","2018-12-07","7","fri2","2","Blue","2.666666666666667","2018-12-07 12:00:00","2018-12-07 13:15:00"
"608","otfKOMf7VUaB5lxUARO0HNusxPB2","2018-12-07","7","fri4","0","Blue","0.0","2018-12-07 15:30:00","2018-12-07 16:15:00"
"609","otfKOMf7VUaB5lxUARO0HNusxPB2","2018-12-07","7","fri1","38","Red","50.66666666666667","2018-12-07 10:30:00","2018-12-07 11:45:00"
"610","otfKOMf7VUaB5lxUARO0HNusxPB2","2018-12-07","7","fri2","2","Blue","2.666666666666667","2018-12-07 12:00:00","2018-12-07 13:15:00"
"611","otfKOMf7VUaB5lxUARO0HNusxPB2","2018-12-07","7","fri4","0","Blue","0.0","2018-12-07 15:30:00","2018-12-07 16:15:00"
"612","otfKOMf7VUaB5lxUARO0HNusxPB2","2018-12-07","7","fri1","38","Red","50.66666666666667","2018-12-07 10:30:00","2018-12-07 11:45:00"
"613","otfKOMf7VUaB5lxUARO0HNusxPB2","2018-12-07","7","fri2","2","Blue","2.666666666666667","2018-12-07 12:00:00","2018-12-07 13:15:00"
"614","otfKOMf7VUaB5lxUARO0HNusxPB2","2018-12-07","7","fri4","0","Blue","0.0","2018-12-07 15:30:00","2018-12-07 16:15:00"
"615","otfKOMf7VUaB5lxUARO0HNusxPB2","2018-12-10","7","mon0","0","Blue","0.0","2018-12-10 09:00:00","2018-12-10 10:15:00"
"616","otfKOMf7VUaB5lxUARO0HNusxPB2","2018-12-10","7","mon5","0","Blue","0.0","2018-12-10 16:30:00","2018-12-10 17:45:00"
"617","otfKOMf7VUaB5lxUARO0HNusxPB2","2018-12-11","7","tue4","5","Blue","6.666666666666667","2018-12-11 15:30:00","2018-12-11 16:15:00"
"618","otfKOMf7VUaB5lxUARO0HNusxPB2","2018-12-11","7","tue5","2","Blue","2.666666666666667","2018-12-11 16:30:00","2018-12-11 17:45:00"
"619","otfKOMf7VUaB5lxUARO0HNusxPB2","2018-12-11","7","tue2","75","Red","100.0","2018-12-11 12:00:00","2018-12-11 13:15:00"
"620","otfKOMf7VUaB5lxUARO0HNusxPB2","2018-12-12","4","wed2","18","Yellow","24.0","2018-12-12 12:00:00","2018-12-12 13:15:00"
"621","otfKOMf7VUaB5lxUARO0HNusxPB2","2018-12-12","4","wed1","14","Yellow","18.666666666666668","2018-12-12 10:30:00","2018-12-12 11:45:00"
"622","otfKOMf7VUaB5lxUARO0HNusxPB2","2018-12-12","4","wed0","3","Blue","4.0","2018-12-12 09:00:00","2018-12-12 10:15:00"
"623","otfKOMf7VUaB5lxUARO0HNusxPB2","2018-12-13","5","thu5","11","Yellow","14.666666666666666","2018-12-13 16:30:00","2018-12-13 17:45:00"
"624","otfKOMf7VUaB5lxUARO0HNusxPB2","2018-12-14","6","fri1","21","Yellow","28.000000000000004","2018-12-14 10:30:00","2018-12-14 11:45:00"
"625","otfKOMf7VUaB5lxUARO0HNusxPB2","2018-12-14","6","fri2","19","Yellow","25.333333333333336","2018-12-14 12:00:00","2018-12-14 13:15:00"
"626","otfKOMf7VUaB5lxUARO0HNusxPB2","2018-12-14","6","fri4","12","Yellow","16.0","2018-12-14 15:30:00","2018-12-14 16:15:00"
"627","otfKOMf7VUaB5lxUARO0HNusxPB2","2018-12-17","2","mon0","2","Blue","2.666666666666667","2018-12-17 09:00:00","2018-12-17 10:15:00"
"628","otfKOMf7VUaB5lxUARO0HNusxPB2","2018-12-17","2","mon5","31","Yellow","41.333333333333336","2018-12-17 16:30:00","2018-12-17 17:45:00"
"629","otfKOMf7VUaB5lxUARO0HNusxPB2","2018-12-18","3","tue4","42","Red","56.00000000000001","2018-12-18 15:30:00","2018-12-18 16:15:00"
"630","otfKOMf7VUaB5lxUARO0HNusxPB2","2018-12-18","3","tue5","5","Blue","6.666666666666667","2018-12-18 16:30:00","2018-12-18 17:45:00"
"631","otfKOMf7VUaB5lxUARO0HNusxPB2","2018-12-18","3","tue2","46","Red","61.33333333333333","2018-12-18 12:00:00","2018-12-18 13:15:00"
"632","otfKOMf7VUaB5lxUARO0HNusxPB2","2018-12-19","4","wed2","31","Yellow","41.333333333333336","2018-12-19 12:00:00","2018-12-19 13:15:00"
"633","otfKOMf7VUaB5lxUARO0HNusxPB2","2018-12-19","4","wed1","6","Blue","8.0","2018-12-19 10:30:00","2018-12-19 11:45:00"
"634","otfKOMf7VUaB5lxUARO0HNusxPB2","2018-12-19","4","wed0","4","Blue","5.333333333333334","2018-12-19 09:00:00","2018-12-19 10:15:00"
"635","otfKOMf7VUaB5lxUARO0HNusxPB2","2018-12-20","5","thu5","10","Yellow","13.333333333333334","2018-12-20 16:30:00","2018-12-20 17:45:00"
"636","otfKOMf7VUaB5lxUARO0HNusxPB2","2018-12-21","6","fri1","8","Yellow","10.666666666666668","2018-12-21 10:30:00","2018-12-21 11:45:00"
"637","otfKOMf7VUaB5lxUARO0HNusxPB2","2018-12-21","6","fri2","5","Blue","6.666666666666667","2018-12-21 12:00:00","2018-12-21 13:15:00"
"638","otfKOMf7VUaB5lxUARO0HNusxPB2","2018-12-21","6","fri4","16","Yellow","21.333333333333336","2018-12-21 15:30:00","2018-12-21 16:15:00"
"639","otfKOMf7VUaB5lxUARO0HNusxPB2","2018-12-24","2","mon0","4","Blue","5.333333333333334","2018-12-24 09:00:00","2018-12-24 10:15:00"
"640","otfKOMf7VUaB5lxUARO0HNusxPB2","2018-12-24","2","mon5","19","Yellow","25.333333333333336","2018-12-24 16:30:00","2018-12-24 17:45:00"
