"_id","uid","date","stime","etime","type","value","flag","total"
"1","otfKOMf7VUaB5lxUARO0HNusxPB2","2018-12-03","2018-12-03 00:00:00","2018-12-03 01:25:23","com.google.activity.segment","3","false","85"
"2","otfKOMf7VUaB5lxUARO0HNusxPB2","2018-12-03","2018-12-03 01:25:23","2018-12-03 01:37:40","com.google.activity.segment","7","false","12"
"3","otfKOMf7VUaB5lxUARO0HNusxPB2","2018-12-03","2018-12-03 01:37:57","2018-12-03 08:43:20","com.google.activity.segment","3","false","425"
"4","otfKOMf7VUaB5lxUARO0HNusxPB2","2018-12-03","2018-12-03 08:43:20","2018-12-03 09:01:20","com.google.activity.segment","7","false","18"
"5","otfKOMf7VUaB5lxUARO0HNusxPB2","2018-12-03","2018-12-03 09:02:50","2018-12-03 09:50:36","com.google.activity.segment","3","false","47"
"6","otfKOMf7VUaB5lxUARO0HNusxPB2","2018-12-03","2018-12-03 09:50:36","2018-12-03 10:11:23","com.google.activity.segment","7","false","20"
"7","otfKOMf7VUaB5lxUARO0HNusxPB2","2018-12-03","2018-12-03 10:11:23","2018-12-03 10:14:26","com.google.activity.segment","3","false","3"
"8","otfKOMf7VUaB5lxUARO0HNusxPB2","2018-12-03","2018-12-03 10:14:26","2018-12-03 10:36:07","com.google.activity.segment","7","false","21"
"9","otfKOMf7VUaB5lxUARO0HNusxPB2","2018-12-03","2018-12-03 10:36:07","2018-12-03 16:41:46","com.google.activity.segment","3","false","365"
"10","otfKOMf7VUaB5lxUARO0HNusxPB2","2018-12-03","2018-12-03 16:41:46","2018-12-03 16:53:49","com.google.activity.segment","7","false","12"
"11","otfKOMf7VUaB5lxUARO0HNusxPB2","2018-12-03","2018-12-03 16:53:49","2018-12-03 17:02:06","com.google.activity.segment","3","false","8"
"12","otfKOMf7VUaB5lxUARO0HNusxPB2","2018-12-03","2018-12-03 17:02:06","2018-12-03 17:43:19","com.google.activity.segment","7","false","41"
"13","otfKOMf7VUaB5lxUARO0HNusxPB2","2018-12-03","2018-12-03 17:43:19","2018-12-03 22:16:53","com.google.activity.segment","3","false","273"
"14","otfKOMf7VUaB5lxUARO0HNusxPB2","2018-12-03","2018-12-03 22:16:53","2018-12-03 22:31:14","com.google.activity.segment","7","false","14"
"15","otfKOMf7VUaB5lxUARO0HNusxPB2","2018-12-03","2018-12-03 22:31:14","2018-12-03 23:48:11","com.google.activity.segment","3","true","76"
"16","otfKOMf7VUaB5lxUARO0HNusxPB2","2018-12-04","2018-12-04 00:00:00","2018-12-04 08:32:55","com.google.activity.segment","3","false","512"
"17","otfKOMf7VUaB5lxUARO0HNusxPB2","2018-12-04","2018-12-04 08:36:43","2018-12-04 08:45:00","com.google.activity.segment","7","false","8"
"18","otfKOMf7VUaB5lxUARO0HNusxPB2","2018-12-04","2018-12-04 08:45:00","2018-12-04 11:46:12","com.google.activity.segment","3","false","181"
"19","otfKOMf7VUaB5lxUARO0HNusxPB2","2018-12-04","2018-12-04 11:46:12","2018-12-04 12:01:52","com.google.activity.segment","7","false","15"
"20","otfKOMf7VUaB5lxUARO0HNusxPB2","2018-12-04","2018-12-04 12:01:52","2018-12-04 13:11:48","com.google.activity.segment","3","false","69"
"21","otfKOMf7VUaB5lxUARO0HNusxPB2","2018-12-04","2018-12-04 13:11:48","2018-12-04 13:15:35","com.google.activity.segment","7","false","3"
"22","otfKOMf7VUaB5lxUARO0HNusxPB2","2018-12-04","2018-12-04 13:17:08","2018-12-04 13:21:57","com.google.activity.segment","3","false","4"
"23","otfKOMf7VUaB5lxUARO0HNusxPB2","2018-12-04","2018-12-04 13:21:57","2018-12-04 13:24:48","com.google.activity.segment","7","false","2"
"24","otfKOMf7VUaB5lxUARO0HNusxPB2","2018-12-04","2018-12-04 13:24:48","2018-12-04 15:30:50","com.google.activity.segment","3","false","126"
"25","otfKOMf7VUaB5lxUARO0HNusxPB2","2018-12-04","2018-12-04 15:30:50","2018-12-04 15:50:54","com.google.activity.segment","7","false","20"
"26","otfKOMf7VUaB5lxUARO0HNusxPB2","2018-12-04","2018-12-04 15:50:54","2018-12-04 17:11:59","com.google.activity.segment","3","false","81"
"27","otfKOMf7VUaB5lxUARO0HNusxPB2","2018-12-04","2018-12-04 17:11:59","2018-12-04 17:42:24","com.google.activity.segment","7","false","30"
"28","otfKOMf7VUaB5lxUARO0HNusxPB2","2018-12-04","2018-12-04 17:42:24","2018-12-04 20:48:20","com.google.activity.segment","3","true","185"
"29","otfKOMf7VUaB5lxUARO0HNusxPB2","2018-12-05","2018-12-05 00:55:09","2018-12-05 09:56:45","com.google.activity.segment","3","false","541"
"30","otfKOMf7VUaB5lxUARO0HNusxPB2","2018-12-05","2018-12-05 09:56:45","2018-12-05 12:01:08","com.google.activity.segment","7","false","124"
"31","otfKOMf7VUaB5lxUARO0HNusxPB2","2018-12-05","2018-12-05 12:01:08","2018-12-05 12:34:19","com.google.activity.segment","3","false","33"
"32","otfKOMf7VUaB5lxUARO0HNusxPB2","2018-12-05","2018-12-05 12:34:19","2018-12-05 12:37:46","com.google.activity.segment","7","false","3"
"33","otfKOMf7VUaB5lxUARO0HNusxPB2","2018-12-05","2018-12-05 12:37:46","2018-12-05 13:24:19","com.google.activity.segment","3","false","46"
"34","otfKOMf7VUaB5lxUARO0HNusxPB2","2018-12-05","2018-12-05 13:24:19","2018-12-05 13:43:10","com.google.activity.segment","7","false","18"
"35","otfKOMf7VUaB5lxUARO0HNusxPB2","2018-12-05","2018-12-05 13:45:57","2018-12-05 14:25:02","com.google.activity.segment","3","false","39"
"36","otfKOMf7VUaB5lxUARO0HNusxPB2","2018-12-05","2018-12-05 14:25:02","2018-12-05 14:37:24","com.google.activity.segment","7","false","12"
"37","otfKOMf7VUaB5lxUARO0HNusxPB2","2018-12-05","2018-12-05 14:37:24","2018-12-05 16:43:33","com.google.activity.segment","3","false","126"
"38","otfKOMf7VUaB5lxUARO0HNusxPB2","2018-12-05","2018-12-05 16:43:33","2018-12-05 16:58:17","com.google.activity.segment","7","false","14"
"39","otfKOMf7VUaB5lxUARO0HNusxPB2","2018-12-05","2018-12-05 16:58:17","2018-12-05 17:59:23","com.google.activity.segment","3","false","61"
"40","otfKOMf7VUaB5lxUARO0HNusxPB2","2018-12-05","2018-12-05 17:59:23","2018-12-05 18:00:47","com.google.activity.segment","7","false","1"
"41","otfKOMf7VUaB5lxUARO0HNusxPB2","2018-12-05","2018-12-05 18:00:47","2018-12-05 23:53:52","com.google.activity.segment","3","true","353"
"42","otfKOMf7VUaB5lxUARO0HNusxPB2","2018-12-06","2018-12-06 00:00:00","2018-12-06 10:14:11","com.google.activity.segment","3","false","614"
"43","otfKOMf7VUaB5lxUARO0HNusxPB2","2018-12-06","2018-12-06 10:14:11","2018-12-06 10:22:31","com.google.activity.segment","7","false","8"
"44","otfKOMf7VUaB5lxUARO0HNusxPB2","2018-12-06","2018-12-06 10:22:31","2018-12-06 13:35:44","com.google.activity.segment","3","false","193"
"45","otfKOMf7VUaB5lxUARO0HNusxPB2","2018-12-06","2018-12-06 13:35:44","2018-12-06 13:38:27","com.google.activity.segment","7","false","2"
"46","otfKOMf7VUaB5lxUARO0HNusxPB2","2018-12-06","2018-12-06 13:38:27","2018-12-06 15:03:47","com.google.activity.segment","3","false","85"
"47","otfKOMf7VUaB5lxUARO0HNusxPB2","2018-12-06","2018-12-06 15:03:47","2018-12-06 15:14:45","com.google.activity.segment","7","false","10"
"48","otfKOMf7VUaB5lxUARO0HNusxPB2","2018-12-06","2018-12-06 15:14:45","2018-12-06 16:19:59","com.google.activity.segment","3","false","65"
"49","otfKOMf7VUaB5lxUARO0HNusxPB2","2018-12-06","2018-12-06 16:19:59","2018-12-06 16:38:42","com.google.activity.segment","7","false","18"
"50","otfKOMf7VUaB5lxUARO0HNusxPB2","2018-12-06","2018-12-06 17:50:30","2018-12-06 17:58:48","com.google.activity.segment","3","false","8"
"51","otfKOMf7VUaB5lxUARO0HNusxPB2","2018-12-06","2018-12-06 17:58:48","2018-12-06 18:19:06","com.google.activity.segment","7","false","20"
"52","otfKOMf7VUaB5lxUARO0HNusxPB2","2018-12-06","2018-12-06 18:19:06","2018-12-06 22:12:52","com.google.activity.segment","3","true","233"
"53","otfKOMf7VUaB5lxUARO0HNusxPB2","2018-12-06","2018-12-06 22:12:52","2018-12-06 22:23:17","com.google.activity.segment","7","false","10"
"54","otfKOMf7VUaB5lxUARO0HNusxPB2","2018-12-06","2018-12-06 22:23:17","2018-12-06 22:50:53","com.google.activity.segment","3","false","27"
"55","otfKOMf7VUaB5lxUARO0HNusxPB2","2018-12-06","2018-12-06 22:50:53","2018-12-06 23:00:02","com.google.activity.segment","0","false","9"
"56","otfKOMf7VUaB5lxUARO0HNusxPB2","2018-12-06","2018-12-06 23:00:02","2018-12-06 23:01:03","com.google.activity.segment","3","false","1"
"57","otfKOMf7VUaB5lxUARO0HNusxPB2","2018-12-06","2018-12-06 23:24:51","2018-12-06 23:39:15","com.google.activity.segment","7","false","14"
"58","otfKOMf7VUaB5lxUARO0HNusxPB2","2018-12-06","2018-12-06 23:39:15","2018-12-06 23:51:09","com.google.activity.segment","3","false","11"
"59","otfKOMf7VUaB5lxUARO0HNusxPB2","2018-12-07","2018-12-07 00:00:00","2018-12-07 10:30:12","com.google.activity.segment","3","false","630"
"60","otfKOMf7VUaB5lxUARO0HNusxPB2","2018-12-07","2018-12-07 10:30:12","2018-12-07 10:53:43","com.google.activity.segment","7","false","23"
"61","otfKOMf7VUaB5lxUARO0HNusxPB2","2018-12-07","2018-12-07 10:53:43","2018-12-07 11:41:02","com.google.activity.segment","3","false","47"
"62","otfKOMf7VUaB5lxUARO0HNusxPB2","2018-12-07","2018-12-07 11:41:02","2018-12-07 11:58:19","com.google.activity.segment","7","false","17"
"63","otfKOMf7VUaB5lxUARO0HNusxPB2","2018-12-07","2018-12-07 11:58:19","2018-12-07 14:00:24","com.google.activity.segment","3","false","122"
"64","otfKOMf7VUaB5lxUARO0HNusxPB2","2018-12-07","2018-12-07 14:00:24","2018-12-07 14:03:50","com.google.activity.segment","7","false","3"
"65","otfKOMf7VUaB5lxUARO0HNusxPB2","2018-12-07","2018-12-07 14:03:50","2018-12-07 14:06:39","com.google.activity.segment","8","false","2"
"66","otfKOMf7VUaB5lxUARO0HNusxPB2","2018-12-07","2018-12-07 14:06:39","2018-12-07 14:48:34","com.google.activity.segment","7","false","41"
"67","otfKOMf7VUaB5lxUARO0HNusxPB2","2018-12-07","2018-12-07 14:48:34","2018-12-07 18:00:57","com.google.activity.segment","3","false","192"
"68","otfKOMf7VUaB5lxUARO0HNusxPB2","2018-12-07","2018-12-07 18:00:57","2018-12-07 18:06:43","com.google.activity.segment","7","false","5"
"69","otfKOMf7VUaB5lxUARO0HNusxPB2","2018-12-07","2018-12-07 18:06:43","2018-12-07 18:29:28","com.google.activity.segment","3","false","22"
"70","otfKOMf7VUaB5lxUARO0HNusxPB2","2018-12-07","2018-12-07 18:29:28","2018-12-07 18:55:56","com.google.activity.segment","7","false","26"
"71","otfKOMf7VUaB5lxUARO0HNusxPB2","2018-12-07","2018-12-07 18:55:56","2018-12-07 20:24:04","com.google.activity.segment","3","false","88"
"72","otfKOMf7VUaB5lxUARO0HNusxPB2","2018-12-07","2018-12-07 20:24:04","2018-12-07 20:30:13","com.google.activity.segment","7","false","6"
"73","otfKOMf7VUaB5lxUARO0HNusxPB2","2018-12-07","2018-12-07 20:30:13","2018-12-07 21:32:22","com.google.activity.segment","3","false","62"
"74","otfKOMf7VUaB5lxUARO0HNusxPB2","2018-12-07","2018-12-07 21:32:22","2018-12-07 21:52:18","com.google.activity.segment","7","false","19"
"75","otfKOMf7VUaB5lxUARO0HNusxPB2","2018-12-07","2018-12-07 22:22:09","2018-12-07 23:33:24","com.google.activity.segment","3","true","71"
"76","otfKOMf7VUaB5lxUARO0HNusxPB2","2018-12-07","2018-12-07 23:33:24","2018-12-07 23:45:50","com.google.activity.segment","7","false","12"
"77","otfKOMf7VUaB5lxUARO0HNusxPB2","2018-12-07","2018-12-07 23:45:50","2018-12-07 23:59:45","com.google.activity.segment","3","false","13"
"78","otfKOMf7VUaB5lxUARO0HNusxPB2","2018-12-08","2018-12-08 00:00:00","2018-12-08 01:31:30","com.google.activity.segment","3","false","91"
"79","otfKOMf7VUaB5lxUARO0HNusxPB2","2018-12-08","2018-12-08 01:31:30","2018-12-08 01:35:37","com.google.activity.segment","7","false","4"
"80","otfKOMf7VUaB5lxUARO0HNusxPB2","2018-12-08","2018-12-08 01:35:37","2018-12-08 03:02:25","com.google.activity.segment","3","false","86"
"81","otfKOMf7VUaB5lxUARO0HNusxPB2","2018-12-08","2018-12-08 03:02:25","2018-12-08 03:18:06","com.google.activity.segment","7","false","15"
"82","otfKOMf7VUaB5lxUARO0HNusxPB2","2018-12-08","2018-12-08 03:18:06","2018-12-08 15:32:18","com.google.activity.segment","3","false","734"
"83","otfKOMf7VUaB5lxUARO0HNusxPB2","2018-12-08","2018-12-08 15:32:18","2018-12-08 15:42:00","com.google.activity.segment","7","false","9"
"84","otfKOMf7VUaB5lxUARO0HNusxPB2","2018-12-08","2018-12-08 15:42:00","2018-12-08 16:12:01","com.google.activity.segment","3","false","30"
"85","otfKOMf7VUaB5lxUARO0HNusxPB2","2018-12-08","2018-12-08 16:12:01","2018-12-08 16:31:02","com.google.activity.segment","7","false","19"
"86","otfKOMf7VUaB5lxUARO0HNusxPB2","2018-12-08","2018-12-08 16:31:02","2018-12-08 20:05:12","com.google.activity.segment","3","false","214"
"87","otfKOMf7VUaB5lxUARO0HNusxPB2","2018-12-08","2018-12-08 20:05:12","2018-12-08 20:17:43","com.google.activity.segment","7","false","12"
"88","otfKOMf7VUaB5lxUARO0HNusxPB2","2018-12-08","2018-12-08 20:17:43","2018-12-08 23:29:00","com.google.activity.segment","3","true","191"
"89","otfKOMf7VUaB5lxUARO0HNusxPB2","2018-12-08","2018-12-08 23:29:00","2018-12-08 23:30:09","com.google.activity.segment","7","false","1"
"90","otfKOMf7VUaB5lxUARO0HNusxPB2","2018-12-08","2018-12-08 23:30:09","2018-12-08 23:53:07","com.google.activity.segment","3","false","22"
"91","otfKOMf7VUaB5lxUARO0HNusxPB2","2018-12-09","2018-12-09 00:00:00","2018-12-09 14:14:58","com.google.activity.segment","3","false","854"
"92","otfKOMf7VUaB5lxUARO0HNusxPB2","2018-12-09","2018-12-09 14:14:58","2018-12-09 14:20:14","com.google.activity.segment","7","false","5"
"93","otfKOMf7VUaB5lxUARO0HNusxPB2","2018-12-09","2018-12-09 14:28:22","2018-12-09 14:32:23","com.google.activity.segment","3","false","4"
"94","otfKOMf7VUaB5lxUARO0HNusxPB2","2018-12-09","2018-12-09 14:32:23","2018-12-09 15:06:00","com.google.activity.segment","0","false","33"
"95","otfKOMf7VUaB5lxUARO0HNusxPB2","2018-12-09","2018-12-09 15:06:00","2018-12-09 15:10:37","com.google.activity.segment","7","false","4"
"96","otfKOMf7VUaB5lxUARO0HNusxPB2","2018-12-09","2018-12-09 15:10:37","2018-12-09 15:26:46","com.google.activity.segment","3","false","16"
"97","otfKOMf7VUaB5lxUARO0HNusxPB2","2018-12-09","2018-12-09 15:26:46","2018-12-09 16:18:36","com.google.activity.segment","7","false","51"
"98","otfKOMf7VUaB5lxUARO0HNusxPB2","2018-12-09","2018-12-09 16:18:36","2018-12-09 18:03:41","com.google.activity.segment","3","false","105"
"99","otfKOMf7VUaB5lxUARO0HNusxPB2","2018-12-09","2018-12-09 18:03:41","2018-12-09 18:10:26","com.google.activity.segment","7","false","6"
"100","otfKOMf7VUaB5lxUARO0HNusxPB2","2018-12-09","2018-12-09 18:10:26","2018-12-09 19:00:43","com.google.activity.segment","3","false","50"
"101","otfKOMf7VUaB5lxUARO0HNusxPB2","2018-12-09","2018-12-09 19:00:43","2018-12-09 19:25:55","com.google.activity.segment","7","false","25"
"102","otfKOMf7VUaB5lxUARO0HNusxPB2","2018-12-09","2018-12-09 19:25:55","2018-12-09 19:32:01","com.google.activity.segment","3","false","6"
"103","otfKOMf7VUaB5lxUARO0HNusxPB2","2018-12-09","2018-12-09 19:32:01","2018-12-09 19:40:16","com.google.activity.segment","7","false","8"
"104","otfKOMf7VUaB5lxUARO0HNusxPB2","2018-12-09","2018-12-09 19:40:16","2018-12-09 20:42:01","com.google.activity.segment","3","false","61"
"105","otfKOMf7VUaB5lxUARO0HNusxPB2","2018-12-09","2018-12-09 20:42:01","2018-12-09 21:19:23","com.google.activity.segment","7","false","37"
"106","otfKOMf7VUaB5lxUARO0HNusxPB2","2018-12-09","2018-12-09 22:58:50","2018-12-09 22:59:50","com.google.activity.segment","3","false","1"
"107","otfKOMf7VUaB5lxUARO0HNusxPB2","2018-12-09","2018-12-09 22:59:50","2018-12-09 23:10:43","com.google.activity.segment","7","false","10"
"108","otfKOMf7VUaB5lxUARO0HNusxPB2","2018-12-09","2018-12-09 23:10:43","2018-12-09 23:56:40","com.google.activity.segment","3","true","45"
"109","otfKOMf7VUaB5lxUARO0HNusxPB2","2018-12-10","2018-12-10 00:00:00","2018-12-10 07:43:25","com.google.activity.segment","3","false","463"
"110","otfKOMf7VUaB5lxUARO0HNusxPB2","2018-12-10","2018-12-10 07:43:25","2018-12-10 07:55:58","com.google.activity.segment","7","false","12"
"111","otfKOMf7VUaB5lxUARO0HNusxPB2","2018-12-10","2018-12-10 07:55:58","2018-12-10 08:33:06","com.google.activity.segment","3","false","37"
"112","otfKOMf7VUaB5lxUARO0HNusxPB2","2018-12-10","2018-12-10 08:33:06","2018-12-10 08:48:32","com.google.activity.segment","7","false","15"
"113","otfKOMf7VUaB5lxUARO0HNusxPB2","2018-12-10","2018-12-10 08:48:32","2018-12-10 08:50:59","com.google.activity.segment","3","false","2"
"114","otfKOMf7VUaB5lxUARO0HNusxPB2","2018-12-10","2018-12-10 08:50:59","2018-12-10 08:53:34","com.google.activity.segment","7","false","2"
"115","otfKOMf7VUaB5lxUARO0HNusxPB2","2018-12-10","2018-12-10 08:53:34","2018-12-10 09:07:00","com.google.activity.segment","3","false","13"
"116","otfKOMf7VUaB5lxUARO0HNusxPB2","2018-12-10","2018-12-10 09:07:00","2018-12-10 09:28:00","com.google.activity.segment","7","false","21"
"117","otfKOMf7VUaB5lxUARO0HNusxPB2","2018-12-10","2018-12-10 09:28:00","2018-12-10 14:05:47","com.google.activity.segment","3","false","277"
"118","otfKOMf7VUaB5lxUARO0HNusxPB2","2018-12-10","2018-12-10 14:05:47","2018-12-10 14:17:30","com.google.activity.segment","0","false","11"
"119","otfKOMf7VUaB5lxUARO0HNusxPB2","2018-12-10","2018-12-10 14:17:30","2018-12-10 14:19:33","com.google.activity.segment","3","false","2"
"120","otfKOMf7VUaB5lxUARO0HNusxPB2","2018-12-10","2018-12-10 14:37:16","2018-12-10 14:48:45","com.google.activity.segment","7","false","11"
"121","otfKOMf7VUaB5lxUARO0HNusxPB2","2018-12-10","2018-12-10 14:48:45","2018-12-10 15:58:07","com.google.activity.segment","3","false","69"
"122","otfKOMf7VUaB5lxUARO0HNusxPB2","2018-12-10","2018-12-10 15:58:07","2018-12-10 16:13:55","com.google.activity.segment","7","false","15"
"123","otfKOMf7VUaB5lxUARO0HNusxPB2","2018-12-10","2018-12-10 16:13:55","2018-12-10 18:35:28","com.google.activity.segment","3","false","141"
"124","otfKOMf7VUaB5lxUARO0HNusxPB2","2018-12-10","2018-12-10 18:35:28","2018-12-10 18:49:41","com.google.activity.segment","7","false","14"
"125","otfKOMf7VUaB5lxUARO0HNusxPB2","2018-12-10","2018-12-10 18:49:41","2018-12-10 21:01:47","com.google.activity.segment","3","false","132"
"126","otfKOMf7VUaB5lxUARO0HNusxPB2","2018-12-11","2018-12-11 00:00:00","2018-12-11 14:53:45","com.google.activity.segment","3","false","893"
"127","otfKOMf7VUaB5lxUARO0HNusxPB2","2018-12-11","2018-12-11 14:53:45","2018-12-11 16:15:02","com.google.activity.segment","7","false","81"
"128","otfKOMf7VUaB5lxUARO0HNusxPB2","2018-12-11","2018-12-11 16:15:02","2018-12-11 16:25:14","com.google.activity.segment","3","false","10"
"129","otfKOMf7VUaB5lxUARO0HNusxPB2","2018-12-11","2018-12-11 16:25:14","2018-12-11 16:30:29","com.google.activity.segment","7","false","5"
"130","otfKOMf7VUaB5lxUARO0HNusxPB2","2018-12-11","2018-12-11 16:30:29","2018-12-11 17:49:07","com.google.activity.segment","3","false","78"
"131","otfKOMf7VUaB5lxUARO0HNusxPB2","2018-12-11","2018-12-11 17:49:07","2018-12-11 17:54:36","com.google.activity.segment","7","false","5"
"132","otfKOMf7VUaB5lxUARO0HNusxPB2","2018-12-11","2018-12-11 18:01:32","2018-12-11 18:04:53","com.google.activity.segment","3","false","3"
"133","otfKOMf7VUaB5lxUARO0HNusxPB2","2018-12-11","2018-12-11 18:04:53","2018-12-11 18:17:07","com.google.activity.segment","7","false","12"
"134","otfKOMf7VUaB5lxUARO0HNusxPB2","2018-12-11","2018-12-11 18:17:07","2018-12-11 18:45:00","com.google.activity.segment","3","false","27"
"135","otfKOMf7VUaB5lxUARO0HNusxPB2","2018-12-11","2018-12-11 18:45:00","2018-12-11 19:26:34","com.google.activity.segment","7","false","41"
"136","otfKOMf7VUaB5lxUARO0HNusxPB2","2018-12-11","2018-12-11 19:26:34","2018-12-11 20:29:15","com.google.activity.segment","3","false","62"
"137","otfKOMf7VUaB5lxUARO0HNusxPB2","2018-12-11","2018-12-11 20:29:15","2018-12-11 20:47:04","com.google.activity.segment","7","false","17"
"138","otfKOMf7VUaB5lxUARO0HNusxPB2","2018-12-11","2018-12-11 20:47:04","2018-12-11 22:00:34","com.google.activity.segment","3","false","73"
"139","otfKOMf7VUaB5lxUARO0HNusxPB2","2018-12-11","2018-12-11 22:00:34","2018-12-11 22:03:03","com.google.activity.segment","7","false","2"
"140","otfKOMf7VUaB5lxUARO0HNusxPB2","2018-12-11","2018-12-11 22:03:03","2018-12-11 23:35:58","com.google.activity.segment","3","true","92"
"141","otfKOMf7VUaB5lxUARO0HNusxPB2","2018-12-12","2018-12-12 00:00:00","2018-12-12 01:41:32","com.google.activity.segment","3","false","101"
"142","otfKOMf7VUaB5lxUARO0HNusxPB2","2018-12-12","2018-12-12 01:41:32","2018-12-12 01:43:35","com.google.activity.segment","7","false","2"
"143","otfKOMf7VUaB5lxUARO0HNusxPB2","2018-12-12","2018-12-12 01:50:43","2018-12-12 02:35:17","com.google.activity.segment","3","false","44"
"144","otfKOMf7VUaB5lxUARO0HNusxPB2","2018-12-12","2018-12-12 02:35:17","2018-12-12 02:56:01","com.google.activity.segment","7","false","20"
"145","otfKOMf7VUaB5lxUARO0HNusxPB2","2018-12-12","2018-12-12 02:56:01","2018-12-12 07:42:46","com.google.activity.segment","3","false","286"
"146","otfKOMf7VUaB5lxUARO0HNusxPB2","2018-12-12","2018-12-12 07:42:46","2018-12-12 07:57:45","com.google.activity.segment","7","false","14"
"147","otfKOMf7VUaB5lxUARO0HNusxPB2","2018-12-12","2018-12-12 07:57:45","2018-12-12 10:51:59","com.google.activity.segment","3","false","174"
"148","otfKOMf7VUaB5lxUARO0HNusxPB2","2018-12-12","2018-12-12 10:51:59","2018-12-12 11:02:51","com.google.activity.segment","7","false","10"
"149","otfKOMf7VUaB5lxUARO0HNusxPB2","2018-12-12","2018-12-12 11:02:51","2018-12-12 11:52:47","com.google.activity.segment","3","false","49"
"150","otfKOMf7VUaB5lxUARO0HNusxPB2","2018-12-12","2018-12-12 11:52:47","2018-12-12 11:55:49","com.google.activity.segment","7","false","3"
"151","otfKOMf7VUaB5lxUARO0HNusxPB2","2018-12-12","2018-12-12 11:55:49","2018-12-12 12:21:41","com.google.activity.segment","3","false","25"
"152","otfKOMf7VUaB5lxUARO0HNusxPB2","2018-12-12","2018-12-12 12:21:41","2018-12-12 12:26:44","com.google.activity.segment","7","false","5"
"153","otfKOMf7VUaB5lxUARO0HNusxPB2","2018-12-12","2018-12-12 12:26:44","2018-12-12 13:18:17","com.google.activity.segment","3","false","51"
"154","otfKOMf7VUaB5lxUARO0HNusxPB2","2018-12-12","2018-12-12 13:18:17","2018-12-12 13:47:57","com.google.activity.segment","7","false","29"
"155","otfKOMf7VUaB5lxUARO0HNusxPB2","2018-12-12","2018-12-12 13:47:57","2018-12-12 13:52:01","com.google.activity.segment","3","false","4"
"156","otfKOMf7VUaB5lxUARO0HNusxPB2","2018-12-12","2018-12-12 13:52:01","2018-12-12 15:56:43","com.google.activity.segment","7","false","124"
"157","otfKOMf7VUaB5lxUARO0HNusxPB2","2018-12-12","2018-12-12 15:56:43","2018-12-12 22:21:27","com.google.activity.segment","3","true","384"
"158","otfKOMf7VUaB5lxUARO0HNusxPB2","2018-12-12","2018-12-12 22:36:43","2018-12-12 22:38:21","com.google.activity.segment","7","false","1"
"159","otfKOMf7VUaB5lxUARO0HNusxPB2","2018-12-12","2018-12-12 22:38:21","2018-12-12 23:52:36","com.google.activity.segment","3","true","74"
"160","otfKOMf7VUaB5lxUARO0HNusxPB2","2018-12-13","2018-12-13 00:00:00","2018-12-13 00:02:39","com.google.activity.segment","3","false","2"
"161","otfKOMf7VUaB5lxUARO0HNusxPB2","2018-12-13","2018-12-13 00:02:39","2018-12-13 00:13:20","com.google.activity.segment","7","false","10"
"162","otfKOMf7VUaB5lxUARO0HNusxPB2","2018-12-13","2018-12-13 00:13:20","2018-12-13 09:45:56","com.google.activity.segment","3","false","572"
"163","otfKOMf7VUaB5lxUARO0HNusxPB2","2018-12-13","2018-12-13 09:45:56","2018-12-13 10:01:22","com.google.activity.segment","7","false","15"
"164","otfKOMf7VUaB5lxUARO0HNusxPB2","2018-12-13","2018-12-13 10:01:22","2018-12-13 10:25:17","com.google.activity.segment","3","false","23"
"165","otfKOMf7VUaB5lxUARO0HNusxPB2","2018-12-13","2018-12-13 10:25:17","2018-12-13 10:58:40","com.google.activity.segment","7","false","33"
"166","otfKOMf7VUaB5lxUARO0HNusxPB2","2018-12-13","2018-12-13 10:58:40","2018-12-13 11:01:07","com.google.activity.segment","3","false","2"
"167","otfKOMf7VUaB5lxUARO0HNusxPB2","2018-12-13","2018-12-13 11:01:07","2018-12-13 11:03:21","com.google.activity.segment","7","false","2"
"168","otfKOMf7VUaB5lxUARO0HNusxPB2","2018-12-13","2018-12-13 11:03:21","2018-12-13 16:54:04","com.google.activity.segment","3","false","350"
"169","otfKOMf7VUaB5lxUARO0HNusxPB2","2018-12-13","2018-12-13 16:54:04","2018-12-13 17:59:04","com.google.activity.segment","7","false","65"
"170","otfKOMf7VUaB5lxUARO0HNusxPB2","2018-12-13","2018-12-13 17:59:04","2018-12-13 22:30:19","com.google.activity.segment","3","false","271"
"171","otfKOMf7VUaB5lxUARO0HNusxPB2","2018-12-13","2018-12-13 22:30:19","2018-12-13 22:41:31","com.google.activity.segment","7","false","11"
"172","otfKOMf7VUaB5lxUARO0HNusxPB2","2018-12-13","2018-12-13 22:41:31","2018-12-13 23:50:11","com.google.activity.segment","3","true","68"
"173","otfKOMf7VUaB5lxUARO0HNusxPB2","2018-12-14","2018-12-14 00:00:00","2018-12-14 01:25:01","com.google.activity.segment","3","false","85"
"174","otfKOMf7VUaB5lxUARO0HNusxPB2","2018-12-14","2018-12-14 01:25:01","2018-12-14 01:27:05","com.google.activity.segment","7","false","2"
"175","otfKOMf7VUaB5lxUARO0HNusxPB2","2018-12-14","2018-12-14 01:27:05","2018-12-14 13:26:01","com.google.activity.segment","3","false","718"
"176","otfKOMf7VUaB5lxUARO0HNusxPB2","2018-12-14","2018-12-14 13:26:01","2018-12-14 13:38:21","com.google.activity.segment","7","false","12"
"177","otfKOMf7VUaB5lxUARO0HNusxPB2","2018-12-14","2018-12-14 13:38:21","2018-12-14 13:51:23","com.google.activity.segment","3","false","13"
"178","otfKOMf7VUaB5lxUARO0HNusxPB2","2018-12-14","2018-12-14 13:51:23","2018-12-14 13:59:16","com.google.activity.segment","7","false","7"
"179","otfKOMf7VUaB5lxUARO0HNusxPB2","2018-12-14","2018-12-14 13:59:16","2018-12-14 15:38:24","com.google.activity.segment","3","false","99"
"180","otfKOMf7VUaB5lxUARO0HNusxPB2","2018-12-14","2018-12-14 15:38:24","2018-12-14 15:49:40","com.google.activity.segment","7","false","11"
"181","otfKOMf7VUaB5lxUARO0HNusxPB2","2018-12-14","2018-12-14 15:49:40","2018-12-14 18:46:03","com.google.activity.segment","3","false","176"
"182","otfKOMf7VUaB5lxUARO0HNusxPB2","2018-12-14","2018-12-14 18:46:03","2018-12-14 18:53:18","com.google.activity.segment","7","false","7"
"183","otfKOMf7VUaB5lxUARO0HNusxPB2","2018-12-14","2018-12-14 18:53:18","2018-12-14 23:52:06","com.google.activity.segment","3","true","298"
"184","otfKOMf7VUaB5lxUARO0HNusxPB2","2018-12-15","2018-12-15 00:00:00","2018-12-15 10:40:06","com.google.activity.segment","3","false","640"
"185","otfKOMf7VUaB5lxUARO0HNusxPB2","2018-12-15","2018-12-15 10:40:06","2018-12-15 10:57:10","com.google.activity.segment","7","false","17"
"186","otfKOMf7VUaB5lxUARO0HNusxPB2","2018-12-15","2018-12-15 10:57:10","2018-12-15 19:09:27","com.google.activity.segment","3","false","492"
"187","otfKOMf7VUaB5lxUARO0HNusxPB2","2018-12-15","2018-12-15 19:09:27","2018-12-15 19:11:32","com.google.activity.segment","7","false","2"
"188","otfKOMf7VUaB5lxUARO0HNusxPB2","2018-12-15","2018-12-15 19:11:32","2018-12-15 19:13:33","com.google.activity.segment","3","false","2"
"189","otfKOMf7VUaB5lxUARO0HNusxPB2","2018-12-15","2018-12-15 19:13:33","2018-12-15 19:29:38","com.google.activity.segment","7","false","16"
"190","otfKOMf7VUaB5lxUARO0HNusxPB2","2018-12-15","2018-12-15 19:29:38","2018-12-15 20:40:20","com.google.activity.segment","3","false","70"
"191","otfKOMf7VUaB5lxUARO0HNusxPB2","2018-12-15","2018-12-15 20:40:20","2018-12-15 21:29:31","com.google.activity.segment","7","false","49"
"192","otfKOMf7VUaB5lxUARO0HNusxPB2","2018-12-15","2018-12-15 21:29:31","2018-12-15 22:43:24","com.google.activity.segment","3","false","73"
"193","otfKOMf7VUaB5lxUARO0HNusxPB2","2018-12-15","2018-12-15 22:43:24","2018-12-15 22:56:03","com.google.activity.segment","7","false","12"
"194","otfKOMf7VUaB5lxUARO0HNusxPB2","2018-12-15","2018-12-15 22:56:03","2018-12-15 23:56:19","com.google.activity.segment","3","true","60"
"195","otfKOMf7VUaB5lxUARO0HNusxPB2","2018-12-16","2018-12-16 00:00:00","2018-12-16 14:36:31","com.google.activity.segment","3","false","876"
"196","otfKOMf7VUaB5lxUARO0HNusxPB2","2018-12-16","2018-12-16 14:36:31","2018-12-16 15:52:21","com.google.activity.segment","7","false","75"
"197","otfKOMf7VUaB5lxUARO0HNusxPB2","2018-12-16","2018-12-16 15:52:21","2018-12-16 16:23:08","com.google.activity.segment","3","false","30"
"198","otfKOMf7VUaB5lxUARO0HNusxPB2","2018-12-16","2018-12-16 16:23:08","2018-12-16 17:24:37","com.google.activity.segment","7","false","61"
"199","otfKOMf7VUaB5lxUARO0HNusxPB2","2018-12-16","2018-12-16 17:24:37","2018-12-16 17:35:54","com.google.activity.segment","3","false","11"
"200","otfKOMf7VUaB5lxUARO0HNusxPB2","2018-12-16","2018-12-16 17:35:54","2018-12-16 18:21:35","com.google.activity.segment","7","false","45"
"201","otfKOMf7VUaB5lxUARO0HNusxPB2","2018-12-16","2018-12-16 18:21:35","2018-12-16 18:45:22","com.google.activity.segment","3","false","23"
"202","otfKOMf7VUaB5lxUARO0HNusxPB2","2018-12-16","2018-12-16 18:45:22","2018-12-16 18:51:26","com.google.activity.segment","7","false","6"
"203","otfKOMf7VUaB5lxUARO0HNusxPB2","2018-12-16","2018-12-16 18:51:26","2018-12-16 18:59:51","com.google.activity.segment","3","false","8"
"204","otfKOMf7VUaB5lxUARO0HNusxPB2","2018-12-16","2018-12-16 18:59:51","2018-12-16 19:20:46","com.google.activity.segment","7","false","20"
"205","otfKOMf7VUaB5lxUARO0HNusxPB2","2018-12-16","2018-12-16 19:20:46","2018-12-16 19:41:47","com.google.activity.segment","0","false","21"
"206","otfKOMf7VUaB5lxUARO0HNusxPB2","2018-12-16","2018-12-16 19:41:47","2018-12-16 19:47:49","com.google.activity.segment","7","false","6"
"207","otfKOMf7VUaB5lxUARO0HNusxPB2","2018-12-16","2018-12-16 19:47:49","2018-12-16 23:24:52","com.google.activity.segment","3","true","217"
"208","otfKOMf7VUaB5lxUARO0HNusxPB2","2018-12-17","2018-12-17 00:00:00","2018-12-17 00:17:05","com.google.activity.segment","3","false","17"
"209","otfKOMf7VUaB5lxUARO0HNusxPB2","2018-12-17","2018-12-17 00:17:05","2018-12-17 00:32:54","com.google.activity.segment","7","false","15"
"210","otfKOMf7VUaB5lxUARO0HNusxPB2","2018-12-17","2018-12-17 00:32:54","2018-12-17 10:32:59","com.google.activity.segment","3","false","600"
"211","otfKOMf7VUaB5lxUARO0HNusxPB2","2018-12-17","2018-12-17 10:32:59","2018-12-17 10:47:47","com.google.activity.segment","7","false","14"
"212","otfKOMf7VUaB5lxUARO0HNusxPB2","2018-12-17","2018-12-17 10:47:47","2018-12-17 12:20:14","com.google.activity.segment","3","false","92"
"213","otfKOMf7VUaB5lxUARO0HNusxPB2","2018-12-17","2018-12-17 12:20:14","2018-12-17 12:41:05","com.google.activity.segment","7","false","20"
"214","otfKOMf7VUaB5lxUARO0HNusxPB2","2018-12-17","2018-12-17 12:41:05","2018-12-17 17:56:09","com.google.activity.segment","3","false","315"
"215","otfKOMf7VUaB5lxUARO0HNusxPB2","2018-12-17","2018-12-17 17:56:09","2018-12-17 18:11:43","com.google.activity.segment","7","false","15"
"216","otfKOMf7VUaB5lxUARO0HNusxPB2","2018-12-17","2018-12-17 18:11:43","2018-12-17 18:55:37","com.google.activity.segment","3","false","43"
"217","otfKOMf7VUaB5lxUARO0HNusxPB2","2018-12-17","2018-12-17 18:55:37","2018-12-17 18:57:10","com.google.activity.segment","7","false","1"
"218","otfKOMf7VUaB5lxUARO0HNusxPB2","2018-12-17","2018-12-17 18:57:10","2018-12-17 19:18:44","com.google.activity.segment","3","false","21"
"219","otfKOMf7VUaB5lxUARO0HNusxPB2","2018-12-17","2018-12-17 19:18:44","2018-12-17 19:19:44","com.google.activity.segment","7","false","1"
"220","otfKOMf7VUaB5lxUARO0HNusxPB2","2018-12-17","2018-12-17 19:41:12","2018-12-17 23:58:08","com.google.activity.segment","3","true","256"
"221","otfKOMf7VUaB5lxUARO0HNusxPB2","2018-12-18","2018-12-18 00:00:00","2018-12-18 01:03:36","com.google.activity.segment","3","false","63"
"222","otfKOMf7VUaB5lxUARO0HNusxPB2","2018-12-18","2018-12-18 01:03:36","2018-12-18 01:04:46","com.google.activity.segment","7","false","1"
"223","otfKOMf7VUaB5lxUARO0HNusxPB2","2018-12-18","2018-12-18 01:04:46","2018-12-18 11:11:36","com.google.activity.segment","3","false","606"
"224","otfKOMf7VUaB5lxUARO0HNusxPB2","2018-12-18","2018-12-18 11:11:36","2018-12-18 11:25:45","com.google.activity.segment","7","false","14"
"225","otfKOMf7VUaB5lxUARO0HNusxPB2","2018-12-18","2018-12-18 11:25:45","2018-12-18 16:29:33","com.google.activity.segment","3","false","303"
"226","otfKOMf7VUaB5lxUARO0HNusxPB2","2018-12-18","2018-12-18 16:29:33","2018-12-18 18:17:50","com.google.activity.segment","7","false","108"
"227","otfKOMf7VUaB5lxUARO0HNusxPB2","2018-12-18","2018-12-18 18:17:50","2018-12-18 18:19:22","com.google.activity.segment","3","false","1"
"228","otfKOMf7VUaB5lxUARO0HNusxPB2","2018-12-18","2018-12-18 18:19:22","2018-12-18 18:33:20","com.google.activity.segment","7","false","13"
"229","otfKOMf7VUaB5lxUARO0HNusxPB2","2018-12-18","2018-12-18 18:33:20","2018-12-18 20:59:18","com.google.activity.segment","3","true","145"
"230","otfKOMf7VUaB5lxUARO0HNusxPB2","2018-12-18","2018-12-18 20:59:18","2018-12-18 21:12:41","com.google.activity.segment","7","false","13"
"231","otfKOMf7VUaB5lxUARO0HNusxPB2","2018-12-18","2018-12-18 21:12:41","2018-12-18 22:37:51","com.google.activity.segment","3","true","85"
"232","otfKOMf7VUaB5lxUARO0HNusxPB2","2018-12-18","2018-12-18 22:37:51","2018-12-18 23:01:05","com.google.activity.segment","7","false","23"
"233","otfKOMf7VUaB5lxUARO0HNusxPB2","2018-12-18","2018-12-18 23:01:05","2018-12-18 23:52:49","com.google.activity.segment","3","true","51"
"234","otfKOMf7VUaB5lxUARO0HNusxPB2","2018-12-19","2018-12-19 00:00:00","2018-12-19 00:35:33","com.google.activity.segment","3","false","35"
"235","otfKOMf7VUaB5lxUARO0HNusxPB2","2018-12-19","2018-12-19 00:36:34","2018-12-19 00:51:06","com.google.activity.segment","7","false","14"
"236","otfKOMf7VUaB5lxUARO0HNusxPB2","2018-12-19","2018-12-19 00:51:06","2018-12-19 01:21:06","com.google.activity.segment","3","false","30"
"237","otfKOMf7VUaB5lxUARO0HNusxPB2","2018-12-19","2018-12-19 01:21:06","2018-12-19 01:46:29","com.google.activity.segment","7","false","25"
"238","otfKOMf7VUaB5lxUARO0HNusxPB2","2018-12-19","2018-12-19 01:46:29","2018-12-19 16:29:42","com.google.activity.segment","3","false","883"
"239","otfKOMf7VUaB5lxUARO0HNusxPB2","2018-12-19","2018-12-19 16:29:42","2018-12-19 17:01:07","com.google.activity.segment","7","false","31"
"240","otfKOMf7VUaB5lxUARO0HNusxPB2","2018-12-19","2018-12-19 18:11:03","2018-12-19 18:13:05","com.google.activity.segment","3","false","2"
"241","otfKOMf7VUaB5lxUARO0HNusxPB2","2018-12-19","2018-12-19 18:13:05","2018-12-19 18:15:06","com.google.activity.segment","7","false","2"
"242","otfKOMf7VUaB5lxUARO0HNusxPB2","2018-12-19","2018-12-19 18:15:06","2018-12-19 18:17:26","com.google.activity.segment","3","false","2"
"243","otfKOMf7VUaB5lxUARO0HNusxPB2","2018-12-19","2018-12-19 18:17:26","2018-12-19 18:41:04","com.google.activity.segment","7","false","23"
"244","otfKOMf7VUaB5lxUARO0HNusxPB2","2018-12-19","2018-12-19 18:41:04","2018-12-19 22:05:10","com.google.activity.segment","3","false","204"
"245","otfKOMf7VUaB5lxUARO0HNusxPB2","2018-12-19","2018-12-19 22:05:10","2018-12-19 22:07:11","com.google.activity.segment","7","false","2"
"246","otfKOMf7VUaB5lxUARO0HNusxPB2","2018-12-19","2018-12-19 22:07:11","2018-12-19 23:57:43","com.google.activity.segment","3","true","110"
"247","otfKOMf7VUaB5lxUARO0HNusxPB2","2018-12-20","2018-12-20 00:00:00","2018-12-20 12:58:14","com.google.activity.segment","3","false","778"
"248","otfKOMf7VUaB5lxUARO0HNusxPB2","2018-12-20","2018-12-20 12:58:14","2018-12-20 13:13:29","com.google.activity.segment","7","false","15"
"249","otfKOMf7VUaB5lxUARO0HNusxPB2","2018-12-20","2018-12-20 13:13:29","2018-12-20 13:43:04","com.google.activity.segment","3","false","29"
"250","otfKOMf7VUaB5lxUARO0HNusxPB2","2018-12-20","2018-12-20 13:43:04","2018-12-20 13:55:32","com.google.activity.segment","7","false","12"
"251","otfKOMf7VUaB5lxUARO0HNusxPB2","2018-12-20","2018-12-20 13:58:01","2018-12-20 14:20:07","com.google.activity.segment","3","false","22"
"252","otfKOMf7VUaB5lxUARO0HNusxPB2","2018-12-20","2018-12-20 14:20:07","2018-12-20 14:40:38","com.google.activity.segment","7","false","20"
"253","otfKOMf7VUaB5lxUARO0HNusxPB2","2018-12-20","2018-12-20 14:40:38","2018-12-20 16:25:04","com.google.activity.segment","3","false","104"
"254","otfKOMf7VUaB5lxUARO0HNusxPB2","2018-12-20","2018-12-20 16:25:04","2018-12-20 16:26:46","com.google.activity.segment","7","false","1"
"255","otfKOMf7VUaB5lxUARO0HNusxPB2","2018-12-20","2018-12-20 16:26:46","2018-12-20 16:29:47","com.google.activity.segment","3","false","3"
"256","otfKOMf7VUaB5lxUARO0HNusxPB2","2018-12-20","2018-12-20 16:29:47","2018-12-20 16:35:57","com.google.activity.segment","7","false","6"
"257","otfKOMf7VUaB5lxUARO0HNusxPB2","2018-12-20","2018-12-20 16:35:57","2018-12-20 16:50:29","com.google.activity.segment","3","false","14"
"258","otfKOMf7VUaB5lxUARO0HNusxPB2","2018-12-20","2018-12-20 16:50:29","2018-12-20 16:55:32","com.google.activity.segment","7","false","5"
"259","otfKOMf7VUaB5lxUARO0HNusxPB2","2018-12-20","2018-12-20 16:55:32","2018-12-20 18:14:04","com.google.activity.segment","3","false","78"
"260","otfKOMf7VUaB5lxUARO0HNusxPB2","2018-12-20","2018-12-20 18:14:04","2018-12-20 18:29:18","com.google.activity.segment","7","false","15"
"261","otfKOMf7VUaB5lxUARO0HNusxPB2","2018-12-20","2018-12-20 18:29:18","2018-12-20 22:59:50","com.google.activity.segment","3","true","270"
"262","otfKOMf7VUaB5lxUARO0HNusxPB2","2018-12-20","2018-12-20 22:59:50","2018-12-20 23:15:21","com.google.activity.segment","7","false","15"
"263","otfKOMf7VUaB5lxUARO0HNusxPB2","2018-12-20","2018-12-20 23:15:21","2018-12-20 23:17:26","com.google.activity.segment","3","false","2"
"264","otfKOMf7VUaB5lxUARO0HNusxPB2","2018-12-20","2018-12-20 23:17:26","2018-12-20 23:24:06","com.google.activity.segment","7","false","6"
"265","otfKOMf7VUaB5lxUARO0HNusxPB2","2018-12-20","2018-12-20 23:24:06","2018-12-20 23:46:08","com.google.activity.segment","3","false","22"
"266","otfKOMf7VUaB5lxUARO0HNusxPB2","2018-12-20","2018-12-20 23:46:08","2018-12-20 23:49:43","com.google.activity.segment","7","false","3"
"267","otfKOMf7VUaB5lxUARO0HNusxPB2","2018-12-21","2018-12-21 00:00:00","2018-12-21 00:38:35","com.google.activity.segment","3","false","38"
"268","otfKOMf7VUaB5lxUARO0HNusxPB2","2018-12-21","2018-12-21 00:38:35","2018-12-21 00:51:01","com.google.activity.segment","7","false","12"
"269","otfKOMf7VUaB5lxUARO0HNusxPB2","2018-12-21","2018-12-21 00:51:01","2018-12-21 02:43:59","com.google.activity.segment","3","false","112"
"270","otfKOMf7VUaB5lxUARO0HNusxPB2","2018-12-21","2018-12-21 02:43:59","2018-12-21 02:46:26","com.google.activity.segment","7","false","2"
"271","otfKOMf7VUaB5lxUARO0HNusxPB2","2018-12-21","2018-12-21 02:49:09","2018-12-21 02:50:43","com.google.activity.segment","3","false","1"
"272","otfKOMf7VUaB5lxUARO0HNusxPB2","2018-12-21","2018-12-21 02:50:43","2018-12-21 02:51:47","com.google.activity.segment","7","false","1"
"273","otfKOMf7VUaB5lxUARO0HNusxPB2","2018-12-21","2018-12-21 02:51:47","2018-12-21 04:39:31","com.google.activity.segment","3","false","107"
"274","otfKOMf7VUaB5lxUARO0HNusxPB2","2018-12-21","2018-12-21 04:39:31","2018-12-21 04:51:48","com.google.activity.segment","7","false","12"
"275","otfKOMf7VUaB5lxUARO0HNusxPB2","2018-12-21","2018-12-21 04:51:48","2018-12-21 11:08:15","com.google.activity.segment","3","false","376"
"276","otfKOMf7VUaB5lxUARO0HNusxPB2","2018-12-21","2018-12-21 11:08:15","2018-12-21 11:30:17","com.google.activity.segment","7","false","22"
"277","otfKOMf7VUaB5lxUARO0HNusxPB2","2018-12-21","2018-12-21 11:30:17","2018-12-21 12:14:07","com.google.activity.segment","3","false","43"
"278","otfKOMf7VUaB5lxUARO0HNusxPB2","2018-12-21","2018-12-21 12:14:07","2018-12-21 12:21:29","com.google.activity.segment","7","false","7"
"279","otfKOMf7VUaB5lxUARO0HNusxPB2","2018-12-21","2018-12-21 12:21:29","2018-12-21 13:17:10","com.google.activity.segment","3","false","55"
"280","otfKOMf7VUaB5lxUARO0HNusxPB2","2018-12-21","2018-12-21 13:17:10","2018-12-21 13:33:51","com.google.activity.segment","7","false","16"
"281","otfKOMf7VUaB5lxUARO0HNusxPB2","2018-12-21","2018-12-21 13:33:51","2018-12-21 16:23:42","com.google.activity.segment","3","false","169"
"282","otfKOMf7VUaB5lxUARO0HNusxPB2","2018-12-21","2018-12-21 16:23:42","2018-12-21 16:24:54","com.google.activity.segment","7","false","1"
"283","otfKOMf7VUaB5lxUARO0HNusxPB2","2018-12-21","2018-12-21 16:24:54","2018-12-21 17:10:38","com.google.activity.segment","3","false","45"
"284","otfKOMf7VUaB5lxUARO0HNusxPB2","2018-12-21","2018-12-21 17:10:38","2018-12-21 17:27:10","com.google.activity.segment","7","false","16"
"285","otfKOMf7VUaB5lxUARO0HNusxPB2","2018-12-21","2018-12-21 17:27:10","2018-12-21 17:41:27","com.google.activity.segment","3","false","14"
"286","otfKOMf7VUaB5lxUARO0HNusxPB2","2018-12-21","2018-12-21 17:41:27","2018-12-21 17:45:06","com.google.activity.segment","7","false","3"
"287","otfKOMf7VUaB5lxUARO0HNusxPB2","2018-12-21","2018-12-21 17:45:06","2018-12-21 18:04:08","com.google.activity.segment","3","false","19"
"288","otfKOMf7VUaB5lxUARO0HNusxPB2","2018-12-21","2018-12-21 18:04:08","2018-12-21 18:17:09","com.google.activity.segment","7","false","13"
"289","otfKOMf7VUaB5lxUARO0HNusxPB2","2018-12-21","2018-12-21 18:17:09","2018-12-21 18:52:36","com.google.activity.segment","3","false","35"
"290","otfKOMf7VUaB5lxUARO0HNusxPB2","2018-12-21","2018-12-21 18:52:36","2018-12-21 18:54:07","com.google.activity.segment","7","false","1"
"291","otfKOMf7VUaB5lxUARO0HNusxPB2","2018-12-21","2018-12-21 18:54:07","2018-12-21 19:13:56","com.google.activity.segment","3","false","19"
"292","otfKOMf7VUaB5lxUARO0HNusxPB2","2018-12-21","2018-12-21 19:13:56","2018-12-21 19:18:20","com.google.activity.segment","7","false","4"
"293","otfKOMf7VUaB5lxUARO0HNusxPB2","2018-12-21","2018-12-21 19:18:20","2018-12-21 20:45:12","com.google.activity.segment","3","false","86"
"294","otfKOMf7VUaB5lxUARO0HNusxPB2","2018-12-21","2018-12-21 20:45:12","2018-12-21 20:48:14","com.google.activity.segment","0","false","3"
"295","otfKOMf7VUaB5lxUARO0HNusxPB2","2018-12-21","2018-12-21 20:48:14","2018-12-21 22:40:11","com.google.activity.segment","3","false","111"
"296","otfKOMf7VUaB5lxUARO0HNusxPB2","2018-12-21","2018-12-21 22:40:11","2018-12-21 22:45:06","com.google.activity.segment","7","false","4"
"297","otfKOMf7VUaB5lxUARO0HNusxPB2","2018-12-21","2018-12-21 22:45:06","2018-12-21 23:00:32","com.google.activity.segment","3","false","15"
"298","otfKOMf7VUaB5lxUARO0HNusxPB2","2018-12-21","2018-12-21 23:00:32","2018-12-21 23:07:20","com.google.activity.segment","7","false","6"
"299","otfKOMf7VUaB5lxUARO0HNusxPB2","2018-12-21","2018-12-21 23:07:20","2018-12-21 23:23:30","com.google.activity.segment","3","false","16"
"300","otfKOMf7VUaB5lxUARO0HNusxPB2","2018-12-22","2018-12-22 00:00:00","2018-12-22 00:14:44","com.google.activity.segment","3","false","14"
"301","otfKOMf7VUaB5lxUARO0HNusxPB2","2018-12-22","2018-12-22 00:14:44","2018-12-22 00:19:19","com.google.activity.segment","7","false","4"
"302","otfKOMf7VUaB5lxUARO0HNusxPB2","2018-12-22","2018-12-22 00:19:19","2018-12-22 00:29:24","com.google.activity.segment","3","false","10"
"303","otfKOMf7VUaB5lxUARO0HNusxPB2","2018-12-22","2018-12-22 00:32:36","2018-12-22 00:37:12","com.google.activity.segment","7","false","4"
"304","otfKOMf7VUaB5lxUARO0HNusxPB2","2018-12-22","2018-12-22 00:37:12","2018-12-22 00:45:02","com.google.activity.segment","3","false","7"
"305","otfKOMf7VUaB5lxUARO0HNusxPB2","2018-12-22","2018-12-22 00:45:02","2018-12-22 01:40:46","com.google.activity.segment","7","false","55"
"306","otfKOMf7VUaB5lxUARO0HNusxPB2","2018-12-22","2018-12-22 01:53:09","2018-12-22 20:25:25","com.google.activity.segment","3","true","1112"
"307","otfKOMf7VUaB5lxUARO0HNusxPB2","2018-12-22","2018-12-22 20:25:25","2018-12-22 20:25:55","com.google.activity.segment","7","false","0"
"308","otfKOMf7VUaB5lxUARO0HNusxPB2","2018-12-22","2018-12-22 20:25:55","2018-12-22 23:32:00","com.google.activity.segment","3","true","186"
"309","otfKOMf7VUaB5lxUARO0HNusxPB2","2018-12-23","2018-12-23 00:00:00","2018-12-23 02:34:10","com.google.activity.segment","3","false","154"
"310","otfKOMf7VUaB5lxUARO0HNusxPB2","2018-12-23","2018-12-23 02:34:10","2018-12-23 02:39:24","com.google.activity.segment","7","false","5"
"311","otfKOMf7VUaB5lxUARO0HNusxPB2","2018-12-23","2018-12-23 02:39:24","2018-12-23 04:27:32","com.google.activity.segment","3","false","108"
"312","otfKOMf7VUaB5lxUARO0HNusxPB2","2018-12-23","2018-12-23 04:27:32","2018-12-23 05:08:18","com.google.activity.segment","7","false","40"
"313","otfKOMf7VUaB5lxUARO0HNusxPB2","2018-12-23","2018-12-23 05:08:18","2018-12-23 05:28:24","com.google.activity.segment","3","false","20"
"314","otfKOMf7VUaB5lxUARO0HNusxPB2","2018-12-23","2018-12-23 05:28:24","2018-12-23 05:32:59","com.google.activity.segment","7","false","4"
"315","otfKOMf7VUaB5lxUARO0HNusxPB2","2018-12-23","2018-12-23 05:32:59","2018-12-23 06:04:03","com.google.activity.segment","3","false","31"
"316","otfKOMf7VUaB5lxUARO0HNusxPB2","2018-12-23","2018-12-23 06:04:03","2018-12-23 06:50:34","com.google.activity.segment","7","false","46"
"317","otfKOMf7VUaB5lxUARO0HNusxPB2","2018-12-23","2018-12-23 06:50:34","2018-12-23 07:08:55","com.google.activity.segment","3","false","18"
"318","otfKOMf7VUaB5lxUARO0HNusxPB2","2018-12-23","2018-12-23 07:08:55","2018-12-23 07:13:06","com.google.activity.segment","7","false","4"
"319","otfKOMf7VUaB5lxUARO0HNusxPB2","2018-12-23","2018-12-23 07:13:06","2018-12-23 07:20:48","com.google.activity.segment","0","false","7"
"320","otfKOMf7VUaB5lxUARO0HNusxPB2","2018-12-23","2018-12-23 07:20:48","2018-12-23 07:22:43","com.google.activity.segment","7","false","1"
"321","otfKOMf7VUaB5lxUARO0HNusxPB2","2018-12-23","2018-12-23 07:22:43","2018-12-23 07:29:23","com.google.activity.segment","3","false","6"
"322","otfKOMf7VUaB5lxUARO0HNusxPB2","2018-12-23","2018-12-23 07:29:23","2018-12-23 07:43:10","com.google.activity.segment","7","false","13"
"323","otfKOMf7VUaB5lxUARO0HNusxPB2","2018-12-23","2018-12-23 07:43:10","2018-12-23 08:02:40","com.google.activity.segment","3","false","19"
"324","otfKOMf7VUaB5lxUARO0HNusxPB2","2018-12-23","2018-12-23 08:02:40","2018-12-23 08:22:11","com.google.activity.segment","7","false","19"
"325","otfKOMf7VUaB5lxUARO0HNusxPB2","2018-12-23","2018-12-23 08:22:11","2018-12-23 15:10:10","com.google.activity.segment","3","false","407"
"326","otfKOMf7VUaB5lxUARO0HNusxPB2","2018-12-23","2018-12-23 15:10:10","2018-12-23 15:25:34","com.google.activity.segment","0","false","15"
"327","otfKOMf7VUaB5lxUARO0HNusxPB2","2018-12-23","2018-12-23 15:25:34","2018-12-23 16:56:41","com.google.activity.segment","3","false","91"
"328","otfKOMf7VUaB5lxUARO0HNusxPB2","2018-12-23","2018-12-23 16:56:41","2018-12-23 17:10:43","com.google.activity.segment","7","false","14"
"329","otfKOMf7VUaB5lxUARO0HNusxPB2","2018-12-23","2018-12-23 17:10:43","2018-12-23 19:45:43","com.google.activity.segment","3","false","155"
"330","otfKOMf7VUaB5lxUARO0HNusxPB2","2018-12-23","2018-12-23 19:48:15","2018-12-23 19:53:01","com.google.activity.segment","7","false","4"
"331","otfKOMf7VUaB5lxUARO0HNusxPB2","2018-12-23","2018-12-23 19:53:01","2018-12-23 19:57:18","com.google.activity.segment","3","false","4"
"332","otfKOMf7VUaB5lxUARO0HNusxPB2","2018-12-23","2018-12-23 20:01:48","2018-12-23 20:05:54","com.google.activity.segment","7","false","4"
"333","otfKOMf7VUaB5lxUARO0HNusxPB2","2018-12-23","2018-12-23 20:05:54","2018-12-23 21:09:28","com.google.activity.segment","3","false","63"
"334","otfKOMf7VUaB5lxUARO0HNusxPB2","2018-12-23","2018-12-23 21:09:28","2018-12-23 21:39:18","com.google.activity.segment","7","false","29"
"335","otfKOMf7VUaB5lxUARO0HNusxPB2","2018-12-23","2018-12-23 21:39:18","2018-12-23 21:42:55","com.google.activity.segment","3","false","3"
"336","otfKOMf7VUaB5lxUARO0HNusxPB2","2018-12-23","2018-12-23 21:42:55","2018-12-23 21:51:33","com.google.activity.segment","7","false","8"
"337","otfKOMf7VUaB5lxUARO0HNusxPB2","2018-12-23","2018-12-23 21:57:09","2018-12-23 21:59:53","com.google.activity.segment","3","false","2"
"338","otfKOMf7VUaB5lxUARO0HNusxPB2","2018-12-23","2018-12-23 21:59:53","2018-12-23 22:05:29","com.google.activity.segment","0","false","5"
"339","otfKOMf7VUaB5lxUARO0HNusxPB2","2018-12-23","2018-12-23 22:05:29","2018-12-23 22:34:40","com.google.activity.segment","7","false","29"
"340","otfKOMf7VUaB5lxUARO0HNusxPB2","2018-12-23","2018-12-23 22:34:40","2018-12-23 22:40:14","com.google.activity.segment","3","false","5"
"341","otfKOMf7VUaB5lxUARO0HNusxPB2","2018-12-23","2018-12-23 22:40:14","2018-12-23 22:51:10","com.google.activity.segment","7","false","10"
"342","otfKOMf7VUaB5lxUARO0HNusxPB2","2018-12-23","2018-12-23 22:51:10","2018-12-23 23:37:00","com.google.activity.segment","3","true","45"
"343","otfKOMf7VUaB5lxUARO0HNusxPB2","2018-12-24","2018-12-24 00:00:00","2018-12-24 00:12:41","com.google.activity.segment","3","false","12"
"344","otfKOMf7VUaB5lxUARO0HNusxPB2","2018-12-24","2018-12-24 00:12:41","2018-12-24 00:17:56","com.google.activity.segment","7","false","5"
"345","otfKOMf7VUaB5lxUARO0HNusxPB2","2018-12-24","2018-12-24 00:17:56","2018-12-24 03:03:50","com.google.activity.segment","3","true","165"
"346","otfKOMf7VUaB5lxUARO0HNusxPB2","2018-12-24","2018-12-24 03:03:50","2018-12-24 03:15:00","com.google.activity.segment","7","false","11"
"347","otfKOMf7VUaB5lxUARO0HNusxPB2","2018-12-24","2018-12-24 03:15:00","2018-12-24 12:09:51","com.google.activity.segment","3","true","534"
"348","otfKOMf7VUaB5lxUARO0HNusxPB2","2018-12-24","2018-12-24 12:09:51","2018-12-24 12:30:24","com.google.activity.segment","7","false","20"
"349","otfKOMf7VUaB5lxUARO0HNusxPB2","2018-12-24","2018-12-24 12:30:24","2018-12-24 17:46:44","com.google.activity.segment","3","true","316"
"350","otfKOMf7VUaB5lxUARO0HNusxPB2","2018-12-24","2018-12-24 17:46:44","2018-12-24 17:56:50","com.google.activity.segment","7","false","10"
"351","otfKOMf7VUaB5lxUARO0HNusxPB2","2018-12-24","2018-12-24 17:56:50","2018-12-24 18:54:05","com.google.activity.segment","3","true","57"
"352","otfKOMf7VUaB5lxUARO0HNusxPB2","2018-12-24","2018-12-24 18:54:05","2018-12-24 19:02:21","com.google.activity.segment","7","false","8"
